case_number,suspect_name,vehicle_plate,date,year,primary_type,description,block,location_description,district,beat,ward,community_area,iucr,fbi_code,arrest,domestic
JC100113,Deandre Allen,IL-4258-DT,2026-06-04 09:27:00,2026,ROBBERY,ARMED: HANDGUN,0100XX W FULLERTON AVE,RESTAURANT,009,0914,15,61,031A,03,False,False
JC100226,Tyler Wilson,IL-2133-ZN,2026-01-20 10:31:00,2026,THEFT,OVER $500,4700XX S STATE ST,RESIDENCE,010,1013,24,29,0820,06,False,False
JC100339,Devon Wright,,2026-03-05 21:30:00,2026,ROBBERY,ARMED: HANDGUN,6800XX N BROADWAY,ALLEY,022,2213,19,72,031A,03,False,False
JC100452,Jerome Washington,,2026-07-22 20:23:00,2026,CRIMINAL DAMAGE,TO PROPERTY,5800XX W 47TH ST,RESIDENCE,004,0412,10,46,1310,14,False,False
JC100565,Brandon Allen,,2026-04-01 02:45:00,2026,THEFT,OVER $500,0900XX W CHICAGO AVE,PARKING LOT,002,0222,4,38,0820,06,False,False
JC100678,Darius Williams,,2026-03-24 18:36:00,2026,CRIMINAL DAMAGE,TO PROPERTY,6100XX W CHICAGO AVE,RESIDENCE,015,1531,29,25,1310,14,False,False
JC100791,Lamar Hernandez,,2026-01-22 20:41:00,2026,BATTERY,SIMPLE ASSAULT,5200XX N MILWAUKEE AVE,SIDEWALK,011,1124,28,26,0460,08B,True,True
JC100904,Derek Vance,,2026-05-15 07:55:00,2026,BATTERY,SIMPLE ASSAULT,7100XX W FULLERTON AVE,STREET,004,0412,10,46,0460,08B,False,False
JC101017,Marcus Thompson,,2026-03-14 15:30:00,2026,BURGLARY,FORCIBLE ENTRY,0800XX W ROOSEVELT RD,ALLEY,006,0623,6,69,0610,05,False,False
JC101130,Tyler Nguyen,,2026-07-23 23:50:00,2026,CRIMINAL DAMAGE,TO PROPERTY,2500XX W MADISON ST,RESIDENCE,010,1013,24,29,1310,14,False,True
JC101243,Brandon Hill,,2026-01-19 15:32:00,2026,ROBBERY,ARMED: HANDGUN,6600XX N MILWAUKEE AVE,APARTMENT,003,0313,20,42,031A,03,True,False
JC101356,Calvin Jackson,,2026-04-19 19:02:00,2026,BATTERY,SIMPLE ASSAULT,8500XX N PULASKI RD,COMMERCIAL BUILDING,020,2012,40,4,0460,08B,False,True
JC101469,Isaiah Flores,IL-7227-HQ,2026-04-09 12:08:00,2026,NARCOTICS,POSS: CANNABIS 30G OR LESS,4100XX W FULLERTON AVE,STREET,003,0313,20,42,1811,18,False,False
JC101582,Derek Moore,,2026-03-12 02:56:00,2026,BURGLARY,FORCIBLE ENTRY,3700XX S MICHIGAN AVE,DEPARTMENT STORE,006,0623,6,69,0610,05,False,False
JC101695,Elijah Garcia,,2026-01-22 17:19:00,2026,BATTERY,SIMPLE ASSAULT,3400XX W MADISON ST,SIDEWALK,004,0412,10,46,0460,08B,True,False
JC101808,Andre Sanchez,,2026-04-22 20:54:00,2026,NARCOTICS,POSS: CANNABIS 30G OR LESS,6300XX W 47TH ST,STREET,009,0914,15,61,1811,18,True,False
JC101921,Marcus Brown,,2026-03-21 08:10:00,2026,CRIMINAL DAMAGE,TO PROPERTY,9100XX N CICERO AVE,RESTAURANT,015,1531,29,25,1310,14,True,False
JC102034,Cedric Ortiz,IL-9830-GP,2026-01-27 11:37:00,2026,ROBBERY,ARMED: HANDGUN,1700XX N PULASKI RD,GAS STATION / CONVENIENCE STORE,002,0222,4,38,031A,03,False,False
JC102147,Corey Harris,,2026-03-08 05:51:00,2026,ROBBERY,ARMED: HANDGUN,0400XX N PULASKI RD,BAR OR TAVERN,006,0623,6,69,031A,03,False,False
JC102260,Isaiah Lee,IL-7201-CH,2026-05-06 22:06:00,2026,ASSAULT,AGGRAVATED: HANDGUN,6100XX N MILWAUKEE AVE,RESIDENCE,008,0815,13,65,051A,04A,False,False
JC102373,Brian White,,2026-07-11 08:55:00,2026,BATTERY,SIMPLE ASSAULT,3600XX S WABASH AVE,,012,1212,25,28,0460,08B,False,False
JC102486,Maurice Jackson,IL-4114-GS,2026-01-04 08:11:00,2026,NARCOTICS,POSS: CANNABIS 30G OR LESS,1400XX N MILWAUKEE AVE,ALLEY,022,2213,19,72,1811,18,True,False
JC102599,Corey Flores,,2026-01-17 17:43:00,2026,BURGLARY,FORCIBLE ENTRY,5600XX S MICHIGAN AVE,,003,0313,20,42,0610,05,False,False
JC102712,Anthony Hernandez,,2026-05-17 09:42:00,2026,ASSAULT,AGGRAVATED: HANDGUN,5200XX W 63RD ST,RESTAURANT,010,1013,24,29,051A,04A,False,False
JC102825,Devon Sanchez,,2026-03-20 18:19:00,2026,ASSAULT,AGGRAVATED: HANDGUN,0100XX N CICERO AVE,GAS STATION / CONVENIENCE STORE,010,1013,24,29,051A,04A,False,False
JC102938,Reginald Allen,,2026-08-15 21:13:00,2026,CRIMINAL DAMAGE,TO PROPERTY,2200XX N DAMEN AVE,SIDEWALK,025,2515,30,19,1310,14,False,False
JC103051,Aaron Flores,,2026-04-22 09:14:00,2026,BURGLARY,FORCIBLE ENTRY,0400XX W MADISON ST,RESIDENCE,002,0222,4,38,0610,05,False,False
JC103164,Marcus Williams,,2026-04-23 22:24:00,2026,CRIMINAL DAMAGE,TO PROPERTY,3200XX W ROOSEVELT RD,,005,0511,9,49,1310,14,False,False
JC103277,Calvin Scott,,2026-08-02 17:15:00,2026,BATTERY,SIMPLE ASSAULT,1800XX W FULLERTON AVE,,016,1622,45,15,0460,08B,False,False
JC103390,Lamar Thomas,,2026-07-27 17:28:00,2026,ROBBERY,ARMED: HANDGUN,6100XX N DAMEN AVE,GAS STATION / CONVENIENCE STORE,016,1622,45,15,031A,03,False,False
JC103503,Derek Johnson,,2026-05-15 02:45:00,2026,NARCOTICS,POSS: CANNABIS 30G OR LESS,3500XX W CHICAGO AVE,PARKING LOT,011,1124,28,26,1811,18,True,False
JC103616,Devon Harris,,2026-04-03 13:26:00,2026,MOTOR VEHICLE THEFT,AUTOMOBILE,6000XX N CICERO AVE,STREET,015,1531,29,25,0910,07,False,False
JC103729,Damian Wright,,2026-01-28 18:24:00,2026,CRIMINAL DAMAGE,TO PROPERTY,4600XX S ASHLAND AVE,ALLEY,010,1013,24,29,1310,14,False,False
JC103842,Xavier Rodriguez,,2026-04-16 07:17:00,2026,ASSAULT,AGGRAVATED: HANDGUN,0400XX S WESTERN AVE,PARKING LOT,014,1422,1,24,051A,04A,False,False
JC103955,Isaiah Martinez,,2026-01-13 18:36:00,2026,THEFT,OVER $500,8300XX W BELMONT AVE,APARTMENT,015,1531,29,25,0820,06,True,False
JC104068,Derek Jenkins,,2026-06-11 12:17:00,2026,ASSAULT,AGGRAVATED: HANDGUN,1100XX N BROADWAY,STREET,017,1732,35,21,051A,04A,False,False
JC104181,Anthony Walker,IL-7043-EP,2026-01-25 00:15:00,2026,BURGLARY,FORCIBLE ENTRY,8000XX S ASHLAND AVE,RESIDENCE,005,0511,9,49,0610,05,False,False
JC104294,Trevon White,,2026-02-25 05:19:00,2026,BATTERY,SIMPLE ASSAULT,0400XX W 79TH ST,COMMERCIAL BUILDING,010,1013,24,29,0460,08B,False,True
JC104407,Kevin Lee,IL-1207-WV,2026-04-04 22:49:00,2026,NARCOTICS,POSS: CANNABIS 30G OR LESS,7700XX S COMMERCIAL AVE,COMMERCIAL BUILDING,004,0412,10,46,1811,18,True,False
JC104520,Calvin Thomas,,2026-02-14 11:40:00,2026,CRIMINAL DAMAGE,TO PROPERTY,2000XX W 55TH ST,APARTMENT,015,1531,29,25,1310,14,False,False
JC104633,Kareem Wilson,,2026-08-14 23:37:00,2026,NARCOTICS,POSS: CANNABIS 30G OR LESS,3200XX W 63RD ST,GAS STATION / CONVENIENCE STORE,003,0313,20,42,1811,18,True,False
JC104746,Tyrone Martin,,2026-06-01 15:54:00,2026,MOTOR VEHICLE THEFT,AUTOMOBILE,6300XX N CLARK ST,PARKING LOT,007,0724,16,68,0910,07,False,False
JC104859,Lamar Walker,,2026-01-17 06:05:00,2026,BURGLARY,FORCIBLE ENTRY,5300XX N DAMEN AVE,RESTAURANT,017,1732,35,21,0610,05,False,False
JC104972,Aaron Scott,,2026-02-10 07:25:00,2026,BURGLARY,FORCIBLE ENTRY,8500XX S HALSTED ST,PARKING LOT,020,2012,40,4,0610,05,False,False
JC105085,Jamal Jackson,,2026-06-12 22:29:00,2026,NARCOTICS,POSS: CANNABIS 30G OR LESS,3300XX S HALSTED ST,SIDEWALK,008,0815,13,65,1811,18,True,False
JC105198,Justin Taylor,,2026-03-07 06:47:00,2026,CRIMINAL DAMAGE,TO PROPERTY,9300XX N BROADWAY,RESTAURANT,020,2012,40,4,1310,14,False,False
JC105311,Reginald Jones,IL-5374-SR,2026-06-06 09:00:00,2026,ROBBERY,ARMED: HANDGUN,0600XX N BROADWAY,RESTAURANT,002,0222,4,38,031A,03,False,False
JC105424,Brandon White,,2026-08-16 14:21:00,2026,ROBBERY,ARMED: HANDGUN,3300XX N MILWAUKEE AVE,SIDEWALK,017,1732,35,21,031A,03,False,False
JC105537,Justin Hill,,2026-03-05 18:19:00,2026,BATTERY,SIMPLE ASSAULT,1600XX W CHICAGO AVE,ALLEY,019,1923,44,6,0460,08B,False,True
JC105650,Kendrick Williams,IL-3573-GO,2026-08-15 09:55:00,2026,ASSAULT,AGGRAVATED: HANDGUN,7300XX S HALSTED ST,STREET,022,2213,19,72,051A,04A,False,True
JC105763,Reginald Ramirez,,2026-03-01 13:28:00,2026,CRIMINAL DAMAGE,TO PROPERTY,0500XX S HALSTED ST,GAS STATION / CONVENIENCE STORE,008,0815,13,65,1310,14,True,False
JC105876,Brandon Jenkins,,2026-04-14 03:34:00,2026,BURGLARY,FORCIBLE ENTRY,2000XX N KEDZIE AVE,APARTMENT,009,0914,15,61,0610,05,False,False
JC105989,Derek Young,,2026-05-15 03:29:00,2026,NARCOTICS,POSS: CANNABIS 30G OR LESS,5200XX W 55TH ST,RESTAURANT,009,0914,15,61,1811,18,True,False
JC106102,Dominic Thomas,,2026-06-20 08:01:00,2026,BATTERY,SIMPLE ASSAULT,8700XX W CHICAGO AVE,COMMERCIAL BUILDING,020,2012,40,4,0460,08B,False,False
JC106215,Maurice Harris,,2026-08-09 05:37:00,2026,ASSAULT,AGGRAVATED: HANDGUN,6300XX N KEDZIE AVE,DEPARTMENT STORE,003,0313,20,42,051A,04A,False,False
JC106328,Isaiah Johnson,,2026-06-14 22:31:00,2026,NARCOTICS,POSS: CANNABIS 30G OR LESS,5200XX S COMMERCIAL AVE,STREET,019,1923,44,6,1811,18,True,False
JC106441,Tyler Hernandez,,2026-07-28 16:52:00,2026,THEFT,OVER $500,7000XX S COMMERCIAL AVE,ALLEY,016,1622,45,15,0820,06,False,False
JC106554,Adrian Brown,,2026-08-25 01:13:00,2026,NARCOTICS,POSS: CANNABIS 30G OR LESS,1700XX N CICERO AVE,DEPARTMENT STORE,010,1013,24,29,1811,18,True,False
JC106667,Malik Garcia,,2026-03-10 17:00:00,2026,ASSAULT,AGGRAVATED: HANDGUN,2900XX W BELMONT AVE,DEPARTMENT STORE,004,0412,10,46,051A,04A,False,False
JC106780,Jamal Hill,,2026-05-14 15:30:00,2026,BURGLARY,FORCIBLE ENTRY,7100XX W FULLERTON AVE,ALLEY,005,0511,9,49,0610,05,False,False
JC106893,Hector Young,,2026-05-25 13:21:00,2026,NARCOTICS,POSS: CANNABIS 30G OR LESS,3700XX S ASHLAND AVE,COMMERCIAL BUILDING,010,1013,24,29,1811,18,True,False
JC107006,Trevon Gonzalez,,2026-06-18 17:24:00,2026,CRIMINAL DAMAGE,TO PROPERTY,2500XX W 63RD ST,COMMERCIAL BUILDING,008,0815,13,65,1310,14,False,False
JC107119,Hector Martin,,2026-08-23 12:24:00,2026,ROBBERY,ARMED: HANDGUN,0500XX S WESTERN AVE,RESTAURANT,005,0511,9,49,031A,03,False,False
JC107232,Tyrone Martin,IL-9797-TT,2026-08-01 23:09:00,2026,ASSAULT,AGGRAVATED: HANDGUN,2000XX N KEDZIE AVE,DEPARTMENT STORE,003,0313,20,42,051A,04A,False,False
JC107345,Lamar Taylor,,2026-07-11 20:45:00,2026,CRIMINAL DAMAGE,TO PROPERTY,0500XX N CICERO AVE,SIDEWALK,022,2213,19,72,1310,14,False,False
JC107458,Kevin Jackson,,2026-02-25 20:45:00,2026,BATTERY,SIMPLE ASSAULT,2200XX W FULLERTON AVE,STREET,010,1013,24,29,0460,08B,False,True
JC107571,Trevon Flores,,2026-03-08 16:26:00,2026,ROBBERY,ARMED: HANDGUN,2300XX N CLARK ST,COMMERCIAL BUILDING,003,0313,20,42,031A,03,False,False
JC107684,Reginald Wright,,2026-04-15 20:16:00,2026,CRIMINAL DAMAGE,TO PROPERTY,8600XX N BROADWAY,DEPARTMENT STORE,001,0111,42,32,1310,14,False,False
JC107797,Aaron Williams,,2026-05-21 13:44:00,2026,NARCOTICS,POSS: CANNABIS 30G OR LESS,3900XX W FULLERTON AVE,ALLEY,007,0724,16,68,1811,18,True,False
JC107910,Tyler Hill,,2026-05-01 21:25:00,2026,NARCOTICS,POSS: CANNABIS 30G OR LESS,7300XX S ASHLAND AVE,BAR OR TAVERN,025,2515,30,19,1811,18,True,False
JC108023,Anthony Williams,,2026-04-20 11:14:00,2026,BURGLARY,FORCIBLE ENTRY,3300XX S DR MARTIN LUTHER KING JR DR,BAR OR TAVERN,025,2515,30,19,0610,05,False,False
JC108136,Damian Martinez,,2026-08-02 18:23:00,2026,ROBBERY,ARMED: HANDGUN,3800XX W BELMONT AVE,BAR OR TAVERN,011,1124,28,26,031A,03,False,False
JC108249,Corey Brown,,2026-06-17 16:58:00,2026,NARCOTICS,POSS: CANNABIS 30G OR LESS,3300XX N CLARK ST,GAS STATION / CONVENIENCE STORE,017,1732,35,21,1811,18,True,False
JC108362,Marcus Anderson,,2026-04-28 21:46:00,2026,ASSAULT,AGGRAVATED: HANDGUN,4700XX N CICERO AVE,ALLEY,003,0313,20,42,051A,04A,False,False
JC108475,Dominic Flores,,2026-05-19 12:52:00,2026,MOTOR VEHICLE THEFT,AUTOMOBILE,8700XX S STATE ST,DEPARTMENT STORE,008,0815,13,65,0910,07,False,False
JC108588,Malik Jones,,2026-04-21 02:40:00,2026,CRIMINAL DAMAGE,TO PROPERTY,3900XX W 55TH ST,ALLEY,024,2411,49,1,1310,14,True,True
JC108701,Derek Harris,,2026-02-04 07:56:00,2026,ROBBERY,ARMED: HANDGUN,5900XX W ROOSEVELT RD,,012,1212,25,28,031A,03,False,False
JC108814,Kareem Clark,IL-9920-XQ,2026-02-27 15:39:00,2026,ASSAULT,AGGRAVATED: HANDGUN,0500XX N BROADWAY,RESIDENCE,012,1212,25,28,051A,04A,False,False
JC108927,Justin Miller,,2026-01-13 08:12:00,2026,BATTERY,SIMPLE ASSAULT,1200XX W FULLERTON AVE,RESIDENCE,025,2515,30,19,0460,08B,True,True
JC109040,Marcus Thomas,IL-8527-NZ,2026-04-03 17:13:00,2026,BURGLARY,FORCIBLE ENTRY,4300XX W CHICAGO AVE,COMMERCIAL BUILDING,005,0511,9,49,0610,05,False,False
JC109153,Dominic Martinez,,2026-02-22 00:08:00,2026,THEFT,OVER $500,3100XX S MICHIGAN AVE,PARKING LOT,020,2012,40,4,0820,06,False,False
JC109266,Darius Clark,IL-9543-HQ,2026-02-24 02:30:00,2026,CRIMINAL DAMAGE,TO PROPERTY,4700XX S WABASH AVE,COMMERCIAL BUILDING,018,1831,43,7,1310,14,False,False
JC109379,Kareem Washington,IL-5010-EJ,2026-01-02 15:54:00,2026,ASSAULT,AGGRAVATED: HANDGUN,8800XX N PULASKI RD,DEPARTMENT STORE,004,0412,10,46,051A,04A,False,False
JC109492,Malik Scott,,2026-07-20 16:18:00,2026,CRIMINAL DAMAGE,TO PROPERTY,7800XX W 47TH ST,SIDEWALK,015,1531,29,25,1310,14,False,False
JC109605,Jalen Jackson,,2026-04-14 10:52:00,2026,CRIMINAL DAMAGE,TO PROPERTY,5400XX W ROOSEVELT RD,PARKING LOT,004,0412,10,46,1310,14,False,False
JC109718,Cedric Jones,,2026-08-03 02:53:00,2026,BATTERY,SIMPLE ASSAULT,5600XX W BELMONT AVE,BAR OR TAVERN,004,0412,10,46,0460,08B,False,False
JC109831,Tyler Taylor,IL-3621-UK,2026-06-22 03:26:00,2026,MOTOR VEHICLE THEFT,AUTOMOBILE,9700XX S COMMERCIAL AVE,BAR OR TAVERN,015,1531,29,25,0910,07,False,False
JC109944,Jerome Sanchez,,2026-04-28 03:22:00,2026,MOTOR VEHICLE THEFT,AUTOMOBILE,9800XX S STATE ST,COMMERCIAL BUILDING,009,0914,15,61,0910,07,False,False
JC110057,Darnell Martin,IL-2140-DQ,2026-01-20 21:53:00,2026,NARCOTICS,POSS: CANNABIS 30G OR LESS,2400XX S ASHLAND AVE,BAR OR TAVERN,009,0914,15,61,1811,18,True,False
JC110170,Jose Perez,,2026-01-03 23:33:00,2026,BURGLARY,FORCIBLE ENTRY,5400XX W ROOSEVELT RD,PARKING LOT,016,1622,45,15,0610,05,False,False
JC110283,Jalen Young,,2026-02-02 04:10:00,2026,THEFT,OVER $500,1100XX S COMMERCIAL AVE,DEPARTMENT STORE,009,0914,15,61,0820,06,False,False
JC110396,Calvin Moore,,2026-02-12 13:07:00,2026,NARCOTICS,POSS: CANNABIS 30G OR LESS,8700XX S COMMERCIAL AVE,DEPARTMENT STORE,020,2012,40,4,1811,18,True,False
JC110509,Malik Vance,IL-4770-NV,2026-01-07 09:13:00,2026,ROBBERY,ARMED: HANDGUN,3300XX S WABASH AVE,PARKING LOT,010,1013,24,29,031A,03,False,False
JC110622,Dante Torres,,2026-06-03 12:55:00,2026,THEFT,OVER $500,0300XX N PULASKI RD,SIDEWALK,016,1622,45,15,0820,06,False,False
JC110735,Cedric Johnson,IL-2288-KI,2026-05-04 12:01:00,2026,MOTOR VEHICLE THEFT,AUTOMOBILE,8000XX N CLARK ST,BAR OR TAVERN,016,1622,45,15,0910,07,False,False
JC110848,Calvin Allen,IL-3419-GD,2026-06-08 10:49:00,2026,ROBBERY,ARMED: HANDGUN,6600XX W BELMONT AVE,SIDEWALK,024,2411,49,1,031A,03,False,False
JC110961,Isaiah Torres,,2026-04-06 19:09:00,2026,BATTERY,SIMPLE ASSAULT,9900XX N CLARK ST,DEPARTMENT STORE,024,2411,49,1,0460,08B,False,True
JC111074,Darnell Thomas,IL-1616-BV,2026-06-28 20:20:00,2026,ROBBERY,ARMED: HANDGUN,0900XX W FULLERTON AVE,DEPARTMENT STORE,017,1732,35,21,031A,03,False,False
JC111187,Kevin Clark,IL-9214-DB,2026-02-21 02:39:00,2026,ASSAULT,AGGRAVATED: HANDGUN,7500XX W FULLERTON AVE,BAR OR TAVERN,019,1923,44,6,051A,04A,False,False
JC111300,Lamar Clark,,2026-02-26 10:45:00,2026,BATTERY,SIMPLE ASSAULT,8300XX W 47TH ST,STREET,006,0623,6,69,0460,08B,False,True
JC111413,Tyler Martin,,2026-06-12 09:24:00,2026,ASSAULT,AGGRAVATED: HANDGUN,4400XX S WABASH AVE,COMMERCIAL BUILDING,025,2515,30,19,051A,04A,True,True
JC111526,Carlos Lee,,2026-05-09 23:54:00,2026,ROBBERY,ARMED: HANDGUN,1100XX W 63RD ST,,020,2012,40,4,031A,03,False,False
JC111639,Anthony King,,2026-03-20 22:05:00,2026,NARCOTICS,POSS: CANNABIS 30G OR LESS,4900XX N CICERO AVE,PARKING LOT,024,2411,49,1,1811,18,True,False
JC111752,Jerome Jones,,2026-01-12 09:11:00,2026,BURGLARY,FORCIBLE ENTRY,9900XX W 63RD ST,RESIDENCE,017,1732,35,21,0610,05,False,False
JC111865,Deandre Flores,,2026-01-22 10:56:00,2026,ROBBERY,ARMED: HANDGUN,4900XX S DR MARTIN LUTHER KING JR DR,APARTMENT,005,0511,9,49,031A,03,False,False
JC111978,Kareem Gonzalez,,2026-07-12 21:46:00,2026,BURGLARY,FORCIBLE ENTRY,7900XX W FULLERTON AVE,BAR OR TAVERN,010,1013,24,29,0610,05,False,False
JC112091,Brian King,,2026-08-27 06:23:00,2026,CRIMINAL DAMAGE,TO PROPERTY,9900XX W FULLERTON AVE,ALLEY,010,1013,24,29,1310,14,False,False
JC112204,Calvin Brown,,2026-03-28 08:03:00,2026,CRIMINAL DAMAGE,TO PROPERTY,7100XX S MICHIGAN AVE,BAR OR TAVERN,004,0412,10,46,1310,14,False,False
JC112317,Tyler White,,2026-03-27 13:05:00,2026,BURGLARY,FORCIBLE ENTRY,4500XX W FULLERTON AVE,ALLEY,001,0111,42,32,0610,05,False,False
JC112430,Anthony Ortiz,,2026-06-08 00:20:00,2026,BATTERY,SIMPLE ASSAULT,8400XX W 55TH ST,APARTMENT,011,1124,28,26,0460,08B,True,False
JC112543,Tyrone Lopez,,2026-03-25 22:30:00,2026,CRIMINAL DAMAGE,TO PROPERTY,0100XX S DR MARTIN LUTHER KING JR DR,STREET,003,0313,20,42,1310,14,False,False
JC112656,Kendrick Ramirez,,2026-07-04 09:15:00,2026,NARCOTICS,POSS: CANNABIS 30G OR LESS,0700XX S STATE ST,ALLEY,008,0815,13,65,1811,18,True,False
JC112769,Marcus Flores,IL-9576-ZB,2026-01-21 16:36:00,2026,BURGLARY,FORCIBLE ENTRY,1900XX W 55TH ST,ALLEY,010,1013,24,29,0610,05,False,False
JC112882,Brandon Lee,IL-6447-DJ,2026-01-13 15:02:00,2026,ASSAULT,AGGRAVATED: HANDGUN,3300XX S MICHIGAN AVE,PARKING LOT,001,0111,42,32,051A,04A,True,False
JC112995,Anthony Washington,IL-7201-CH,2026-06-27 20:11:00,2026,CRIMINAL DAMAGE,TO PROPERTY,6200XX W 55TH ST,APARTMENT,024,2411,49,1,1310,14,False,False
JC113108,Jamal Taylor,,2026-01-11 09:32:00,2026,ASSAULT,AGGRAVATED: HANDGUN,6100XX N CICERO AVE,STREET,009,0914,15,61,051A,04A,False,False
JC113221,Corey Martinez,,2026-06-09 03:51:00,2026,MOTOR VEHICLE THEFT,AUTOMOBILE,5200XX N PULASKI RD,ALLEY,016,1622,45,15,0910,07,False,False
JC113334,Derek Taylor,,2026-05-26 02:46:00,2026,ASSAULT,AGGRAVATED: HANDGUN,5600XX W BELMONT AVE,APARTMENT,022,2213,19,72,051A,04A,False,True
JC113447,Kareem Ortiz,,2026-05-15 19:45:00,2026,ASSAULT,AGGRAVATED: HANDGUN,8900XX N CLARK ST,PARKING LOT,016,1622,45,15,051A,04A,False,False
JC113560,Cedric Allen,,2026-07-09 20:50:00,2026,THEFT,OVER $500,8600XX W BELMONT AVE,ALLEY,024,2411,49,1,0820,06,False,False
JC113673,Cedric Perez,,2026-03-28 19:43:00,2026,CRIMINAL DAMAGE,TO PROPERTY,1700XX N MILWAUKEE AVE,RESIDENCE,003,0313,20,42,1310,14,False,False
JC113786,Xavier Jackson,,2026-08-12 11:28:00,2026,BATTERY,SIMPLE ASSAULT,1800XX W 79TH ST,PARKING LOT,018,1831,43,7,0460,08B,False,True
JC113899,Kendrick Taylor,,2026-03-16 16:24:00,2026,BATTERY,SIMPLE ASSAULT,3400XX N BROADWAY,RESIDENCE,016,1622,45,15,0460,08B,False,False
JC114012,Dante Lee,IL-6635-PU,2026-03-28 02:28:00,2026,ROBBERY,ARMED: HANDGUN,5700XX W 55TH ST,,003,0313,20,42,031A,03,False,False
JC114125,Adrian Miller,,2026-03-26 11:32:00,2026,BURGLARY,FORCIBLE ENTRY,2600XX S STATE ST,RESIDENCE,005,0511,9,49,0610,05,False,False
JC114238,Damian Harris,,2026-03-20 02:04:00,2026,NARCOTICS,POSS: CANNABIS 30G OR LESS,9200XX W ROOSEVELT RD,RESTAURANT,017,1732,35,21,1811,18,True,False
JC114351,Deandre Jones,IL-2674-CC,2026-02-15 14:43:00,2026,MOTOR VEHICLE THEFT,AUTOMOBILE,7100XX W MADISON ST,COMMERCIAL BUILDING,024,2411,49,1,0910,07,False,False
JC114464,Tyrone Hernandez,IL-9797-TT,2026-05-06 05:20:00,2026,BURGLARY,FORCIBLE ENTRY,6700XX S MICHIGAN AVE,SIDEWALK,010,1013,24,29,0610,05,False,False
JC114577,Justin Martin,,2026-02-17 20:10:00,2026,ROBBERY,ARMED: HANDGUN,8500XX N CLARK ST,BAR OR TAVERN,022,2213,19,72,031A,03,False,False
JC114690,Kendrick Miller,,2026-01-03 01:41:00,2026,NARCOTICS,POSS: CANNABIS 30G OR LESS,2700XX N KEDZIE AVE,ALLEY,020,2012,40,4,1811,18,True,False
JC114803,Tyler Rodriguez,IL-6121-WI,2026-05-16 07:51:00,2026,ASSAULT,AGGRAVATED: HANDGUN,5900XX S HALSTED ST,BAR OR TAVERN,003,0313,20,42,051A,04A,False,False
JC114916,Lamar Ramirez,IL-6155-FM,2026-06-13 04:48:00,2026,MOTOR VEHICLE THEFT,AUTOMOBILE,7200XX W 47TH ST,PARKING LOT,004,0412,10,46,0910,07,False,False
JC115029,Jose Young,,2026-07-08 05:52:00,2026,MOTOR VEHICLE THEFT,AUTOMOBILE,9300XX W 79TH ST,RESIDENCE,011,1124,28,26,0910,07,False,False
JC115142,Tyler Jenkins,,2026-08-01 02:25:00,2026,CRIMINAL DAMAGE,TO PROPERTY,2800XX W CHICAGO AVE,PARKING LOT,020,2012,40,4,1310,14,False,False
JC115255,Cedric White,,2026-08-10 17:00:00,2026,BATTERY,SIMPLE ASSAULT,1800XX N PULASKI RD,BAR OR TAVERN,009,0914,15,61,0460,08B,False,True
JC115368,Terrence Flores,,2026-04-12 17:18:00,2026,BATTERY,SIMPLE ASSAULT,6500XX W ROOSEVELT RD,RESTAURANT,016,1622,45,15,0460,08B,False,True
JC115481,Brian White,IL-3621-UK,2026-07-12 10:35:00,2026,MOTOR VEHICLE THEFT,AUTOMOBILE,1900XX S WABASH AVE,COMMERCIAL BUILDING,007,0724,16,68,0910,07,False,False
JC115594,Xavier Flores,IL-9721-MO,2026-08-05 19:57:00,2026,ROBBERY,ARMED: HANDGUN,7900XX W 63RD ST,APARTMENT,011,1124,28,26,031A,03,False,False
JC115707,Darnell Miller,,2026-08-27 00:23:00,2026,MOTOR VEHICLE THEFT,AUTOMOBILE,1500XX S COMMERCIAL AVE,COMMERCIAL BUILDING,015,1531,29,25,0910,07,False,False
JC115820,Kendrick Thompson,IL-2800-EL,2026-04-24 01:37:00,2026,CRIMINAL DAMAGE,TO PROPERTY,6800XX N CLARK ST,BAR OR TAVERN,024,2411,49,1,1310,14,False,False
JC115933,Tyler Jones,,2026-07-05 13:44:00,2026,BURGLARY,FORCIBLE ENTRY,6500XX N PULASKI RD,DEPARTMENT STORE,022,2213,19,72,0610,05,False,False
JC116046,Maurice Anderson,IL-4684-YZ,2026-08-17 12:20:00,2026,ROBBERY,ARMED: HANDGUN,6900XX W FULLERTON AVE,RESTAURANT,011,1124,28,26,031A,03,False,False
JC116159,Terrence Taylor,,2026-05-23 06:44:00,2026,CRIMINAL DAMAGE,TO PROPERTY,6200XX W 63RD ST,RESTAURANT,012,1212,25,28,1310,14,False,False
JC116272,Andre Lee,,2026-07-27 11:49:00,2026,ROBBERY,ARMED: HANDGUN,0600XX S HALSTED ST,BAR OR TAVERN,010,1013,24,29,031A,03,False,False
JC116385,Hector Wilson,,2026-04-07 17:17:00,2026,NARCOTICS,POSS: CANNABIS 30G OR LESS,1400XX W MADISON ST,BAR OR TAVERN,022,2213,19,72,1811,18,True,False
JC116498,Anthony Vance,IL-8793-MF,2026-04-02 03:26:00,2026,MOTOR VEHICLE THEFT,AUTOMOBILE,6100XX W 55TH ST,,004,0412,10,46,0910,07,False,False
JC116611,Jerome Wright,IL-7846-WE,2026-05-11 09:41:00,2026,THEFT,OVER $500,1200XX S WABASH AVE,COMMERCIAL BUILDING,024,2411,49,1,0820,06,False,False
JC116724,Marcus Moore,,2026-01-27 12:50:00,2026,CRIMINAL DAMAGE,TO PROPERTY,9600XX N CLARK ST,STREET,010,1013,24,29,1310,14,False,True
JC116837,Jamal Brown,,2026-05-15 20:34:00,2026,CRIMINAL DAMAGE,TO PROPERTY,6500XX W MADISON ST,GAS STATION / CONVENIENCE STORE,016,1622,45,15,1310,14,False,False
JC116950,Kendrick White,IL-4027-ZM,2026-03-01 23:21:00,2026,NARCOTICS,POSS: CANNABIS 30G OR LESS,8700XX W 79TH ST,APARTMENT,007,0724,16,68,1811,18,True,False
JC117063,Darnell Nguyen,,2026-04-01 08:24:00,2026,BURGLARY,FORCIBLE ENTRY,9700XX W FULLERTON AVE,PARKING LOT,009,0914,15,61,0610,05,False,True
JC117176,Brian Moore,,2026-04-02 21:07:00,2026,CRIMINAL DAMAGE,TO PROPERTY,2100XX S HALSTED ST,,014,1422,1,24,1310,14,False,False
JC117289,Justin Perez,,2026-06-20 07:14:00,2026,ROBBERY,ARMED: HANDGUN,2000XX S WESTERN AVE,BAR OR TAVERN,016,1622,45,15,031A,03,False,False
JC117402,Cedric Washington,,2026-04-25 07:43:00,2026,BATTERY,SIMPLE ASSAULT,5800XX W 47TH ST,BAR OR TAVERN,018,1831,43,7,0460,08B,False,True
JC117515,Devon Nguyen,,2026-04-19 17:09:00,2026,ROBBERY,ARMED: HANDGUN,6700XX W 63RD ST,SIDEWALK,016,1622,45,15,031A,03,False,False
JC117628,Isaiah Moore,,2026-01-15 04:32:00,2026,ASSAULT,AGGRAVATED: HANDGUN,7300XX W FULLERTON AVE,RESTAURANT,002,0222,4,38,051A,04A,False,False
JC117741,Tyler Washington,,2026-04-19 02:02:00,2026,ASSAULT,AGGRAVATED: HANDGUN,9000XX S MICHIGAN AVE,RESTAURANT,003,0313,20,42,051A,04A,False,False
JC117854,Trevon Johnson,,2026-03-25 04:49:00,2026,ASSAULT,AGGRAVATED: HANDGUN,4900XX S MICHIGAN AVE,ALLEY,016,1622,45,15,051A,04A,False,False
JC117967,Dominic Moore,,2026-06-04 05:34:00,2026,ASSAULT,AGGRAVATED: HANDGUN,1700XX W 47TH ST,STREET,008,0815,13,65,051A,04A,False,False
JC118080,Malik Ortiz,,2026-07-27 07:15:00,2026,CRIMINAL DAMAGE,TO PROPERTY,2000XX S MICHIGAN AVE,RESIDENCE,009,0914,15,61,1310,14,False,False
JC118193,Tyler Wilson,,2026-01-08 06:04:00,2026,BATTERY,SIMPLE ASSAULT,0500XX S DR MARTIN LUTHER KING JR DR,COMMERCIAL BUILDING,016,1622,45,15,0460,08B,False,True
JC118306,Gabriel Hill,,2026-04-25 01:08:00,2026,NARCOTICS,POSS: CANNABIS 30G OR LESS,9400XX W CHICAGO AVE,PARKING LOT,020,2012,40,4,1811,18,True,False
JC118419,Hector Martinez,,2026-03-22 16:14:00,2026,ASSAULT,AGGRAVATED: HANDGUN,3600XX S HALSTED ST,RESTAURANT,002,0222,4,38,051A,04A,False,False
JC118532,Darnell Thompson,IL-2674-CC,2026-06-21 21:24:00,2026,MOTOR VEHICLE THEFT,AUTOMOBILE,5400XX W 55TH ST,APARTMENT,015,1531,29,25,0910,07,False,False
JC118645,Lamar Anderson,,2026-08-02 17:26:00,2026,ASSAULT,AGGRAVATED: HANDGUN,6800XX N CICERO AVE,ALLEY,005,0511,9,49,051A,04A,True,False
JC118758,Justin Hill,,2026-06-03 17:46:00,2026,BURGLARY,FORCIBLE ENTRY,3500XX N MILWAUKEE AVE,,014,1422,1,24,0610,05,True,False
JC118871,Malik Walker,,2026-04-16 06:55:00,2026,MOTOR VEHICLE THEFT,AUTOMOBILE,0200XX S HALSTED ST,RESIDENCE,007,0724,16,68,0910,07,False,False
JC118984,Maurice Moore,,2026-07-08 17:20:00,2026,NARCOTICS,POSS: CANNABIS 30G OR LESS,6000XX W ROOSEVELT RD,,019,1923,44,6,1811,18,True,False
JC119097,Kevin Torres,IL-7841-HF,2026-02-26 23:30:00,2026,MOTOR VEHICLE THEFT,AUTOMOBILE,4800XX S COTTAGE GROVE AVE,ALLEY,011,1124,28,26,0910,07,False,False
JC119210,Corey Anderson,,2026-04-13 18:53:00,2026,BURGLARY,FORCIBLE ENTRY,7100XX S WESTERN AVE,,024,2411,49,1,0610,05,False,False
JC119323,Deandre Wright,IL-2217-YR,2026-08-15 05:46:00,2026,MOTOR VEHICLE THEFT,AUTOMOBILE,1800XX N CLARK ST,DEPARTMENT STORE,019,1923,44,6,0910,07,False,False
JC119436,Devon Allen,,2026-01-14 04:53:00,2026,BURGLARY,FORCIBLE ENTRY,9100XX W BELMONT AVE,STREET,005,0511,9,49,0610,05,False,False
JC119549,Dominic King,,2026-08-22 15:01:00,2026,THEFT,OVER $500,7100XX N CICERO AVE,STREET,015,1531,29,25,0820,06,False,False
JC119662,Kendrick King,,2026-07-26 05:06:00,2026,BATTERY,SIMPLE ASSAULT,2000XX W 47TH ST,RESIDENCE,008,0815,13,65,0460,08B,True,True
JC119775,Andre Ortiz,,2026-02-12 12:29:00,2026,BURGLARY,FORCIBLE ENTRY,2900XX W 55TH ST,,010,1013,24,29,0610,05,False,False
JC119888,Corey Torres,,2026-01-21 00:44:00,2026,ROBBERY,ARMED: HANDGUN,6400XX W BELMONT AVE,,015,1531,29,25,031A,03,False,False
JC120001,Terrence Wright,,2026-01-08 06:57:00,2026,CRIMINAL DAMAGE,TO PROPERTY,0600XX N BROADWAY,,003,0313,20,42,1310,14,False,True
JC120114,Darnell Rodriguez,,2026-06-01 06:37:00,2026,ROBBERY,ARMED: HANDGUN,9200XX S WABASH AVE,SIDEWALK,014,1422,1,24,031A,03,False,False
JC120227,Darius Sanchez,,2026-06-13 23:08:00,2026,BATTERY,SIMPLE ASSAULT,9600XX W 47TH ST,STREET,012,1212,25,28,0460,08B,True,True
JC120340,Elijah Thompson,,2026-07-25 10:01:00,2026,NARCOTICS,POSS: CANNABIS 30G OR LESS,6300XX W FULLERTON AVE,PARKING LOT,008,0815,13,65,1811,18,True,False
JC120453,Carlos Thompson,,2026-02-25 19:18:00,2026,BURGLARY,FORCIBLE ENTRY,1000XX W 55TH ST,GAS STATION / CONVENIENCE STORE,003,0313,20,42,0610,05,False,False
JC120566,Darius Jones,,2026-06-12 03:05:00,2026,THEFT,OVER $500,5700XX S HALSTED ST,GAS STATION / CONVENIENCE STORE,012,1212,25,28,0820,06,True,False
JC120679,Dante Thompson,,2026-07-04 00:05:00,2026,MOTOR VEHICLE THEFT,AUTOMOBILE,1200XX N CICERO AVE,COMMERCIAL BUILDING,022,2213,19,72,0910,07,True,False
JC120792,Terrence Young,,2026-04-19 16:10:00,2026,ASSAULT,AGGRAVATED: HANDGUN,1800XX N CLARK ST,GAS STATION / CONVENIENCE STORE,009,0914,15,61,051A,04A,True,True
JC120905,Justin Flores,,2026-05-16 02:23:00,2026,NARCOTICS,POSS: CANNABIS 30G OR LESS,9300XX W CHICAGO AVE,DEPARTMENT STORE,024,2411,49,1,1811,18,True,False
JC121018,Justin Jones,,2026-07-11 19:24:00,2026,MOTOR VEHICLE THEFT,AUTOMOBILE,4300XX W FULLERTON AVE,,015,1531,29,25,0910,07,False,False
JC121131,Gabriel Wilson,,2026-08-11 05:25:00,2026,MOTOR VEHICLE THEFT,AUTOMOBILE,9500XX S HALSTED ST,DEPARTMENT STORE,024,2411,49,1,0910,07,False,False
JC121244,Isaiah Lopez,,2026-06-04 18:12:00,2026,ROBBERY,ARMED: HANDGUN,9900XX S COMMERCIAL AVE,STREET,019,1923,44,6,031A,03,False,False
JC121357,Jalen Thompson,,2026-07-22 15:08:00,2026,NARCOTICS,POSS: CANNABIS 30G OR LESS,3300XX W CHICAGO AVE,APARTMENT,025,2515,30,19,1811,18,True,False
JC121470,Derek Hill,,2026-07-18 16:59:00,2026,ASSAULT,AGGRAVATED: HANDGUN,0500XX N CICERO AVE,BAR OR TAVERN,012,1212,25,28,051A,04A,False,True
JC121583,Xavier Martin,IL-8668-NZ,2026-06-06 20:39:00,2026,THEFT,OVER $500,8300XX W 79TH ST,,025,2515,30,19,0820,06,False,False
JC121696,Brian Garcia,,2026-04-15 11:25:00,2026,CRIMINAL DAMAGE,TO PROPERTY,8700XX S WABASH AVE,BAR OR TAVERN,020,2012,40,4,1310,14,False,True
JC121809,Devon King,,2026-07-03 03:53:00,2026,ROBBERY,ARMED: HANDGUN,4000XX S MICHIGAN AVE,DEPARTMENT STORE,011,1124,28,26,031A,03,False,False
JC121922,Darius Rodriguez,,2026-08-11 02:19:00,2026,THEFT,OVER $500,1500XX W 55TH ST,PARKING LOT,001,0111,42,32,0820,06,False,False
JC122035,Deandre Sanchez,,2026-03-11 17:27:00,2026,CRIMINAL DAMAGE,TO PROPERTY,5200XX W CHICAGO AVE,APARTMENT,024,2411,49,1,1310,14,False,False
JC122148,Brandon Torres,,2026-08-19 13:24:00,2026,THEFT,OVER $500,2800XX W 55TH ST,GAS STATION / CONVENIENCE STORE,007,0724,16,68,0820,06,True,False
JC122261,Dante Hill,IL-1771-WD,2026-06-07 14:07:00,2026,NARCOTICS,POSS: CANNABIS 30G OR LESS,6300XX S COMMERCIAL AVE,,018,1831,43,7,1811,18,True,False
JC122374,Anthony Jackson,IL-9369-KP,2026-03-27 21:45:00,2026,NARCOTICS,POSS: CANNABIS 30G OR LESS,7600XX S DR MARTIN LUTHER KING JR DR,,003,0313,20,42,1811,18,True,False
JC122487,Anthony Martinez,IL-2824-AH,2026-07-14 05:31:00,2026,ROBBERY,ARMED: HANDGUN,2200XX N CICERO AVE,GAS STATION / CONVENIENCE STORE,017,1732,35,21,031A,03,False,False
JC122600,Damian Young,,2026-08-05 06:52:00,2026,ASSAULT,AGGRAVATED: HANDGUN,6500XX N CICERO AVE,DEPARTMENT STORE,024,2411,49,1,051A,04A,False,False
JC122713,Derek Taylor,,2026-02-19 00:50:00,2026,BURGLARY,FORCIBLE ENTRY,0500XX S HALSTED ST,RESIDENCE,009,0914,15,61,0610,05,False,False
JC122826,Kevin Clark,,2026-08-18 16:07:00,2026,BATTERY,SIMPLE ASSAULT,7000XX N BROADWAY,RESTAURANT,012,1212,25,28,0460,08B,False,False
JC122939,Lamar Lopez,,2026-04-10 01:28:00,2026,NARCOTICS,POSS: CANNABIS 30G OR LESS,1200XX S MICHIGAN AVE,SIDEWALK,016,1622,45,15,1811,18,True,False
JC123052,Derek Thomas,,2026-07-06 19:08:00,2026,BURGLARY,FORCIBLE ENTRY,0800XX S COTTAGE GROVE AVE,PARKING LOT,020,2012,40,4,0610,05,False,False
JC123165,Terrence Jones,,2026-05-10 18:17:00,2026,BATTERY,SIMPLE ASSAULT,9700XX W MADISON ST,STREET,015,1531,29,25,0460,08B,False,True
JC123278,Terrence Harris,,2026-06-27 07:48:00,2026,ASSAULT,AGGRAVATED: HANDGUN,1900XX S WESTERN AVE,,020,2012,40,4,051A,04A,False,True
JC123391,Dante Nguyen,,2026-02-13 16:47:00,2026,NARCOTICS,POSS: CANNABIS 30G OR LESS,4800XX W 55TH ST,DEPARTMENT STORE,016,1622,45,15,1811,18,True,False
JC123504,Jalen Lopez,IL-3139-OM,2026-08-21 21:44:00,2026,MOTOR VEHICLE THEFT,AUTOMOBILE,6900XX W BELMONT AVE,RESIDENCE,014,1422,1,24,0910,07,False,False
JC123617,Jose Clark,,2026-06-22 01:02:00,2026,BATTERY,SIMPLE ASSAULT,5900XX N KEDZIE AVE,SIDEWALK,001,0111,42,32,0460,08B,False,False
JC123730,Andre Perez,IL-4836-LC,2026-03-21 09:10:00,2026,NARCOTICS,POSS: CANNABIS 30G OR LESS,8400XX W BELMONT AVE,GAS STATION / CONVENIENCE STORE,012,1212,25,28,1811,18,True,False
JC123843,Kareem Vance,,2026-02-01 06:30:00,2026,BATTERY,SIMPLE ASSAULT,7600XX W MADISON ST,RESTAURANT,008,0815,13,65,0460,08B,True,True
JC123956,Darius Williams,,2026-07-23 04:30:00,2026,BATTERY,SIMPLE ASSAULT,5000XX W CHICAGO AVE,BAR OR TAVERN,003,0313,20,42,0460,08B,True,False
JC124069,Jose Clark,,2026-03-21 21:09:00,2026,BATTERY,SIMPLE ASSAULT,7300XX W 47TH ST,COMMERCIAL BUILDING,001,0111,42,32,0460,08B,False,True
JC124182,Hector Thompson,,2026-07-20 21:28:00,2026,BURGLARY,FORCIBLE ENTRY,1300XX W BELMONT AVE,SIDEWALK,005,0511,9,49,0610,05,False,False
JC124295,Justin Taylor,,2026-04-09 20:05:00,2026,BURGLARY,FORCIBLE ENTRY,7700XX N CICERO AVE,BAR OR TAVERN,022,2213,19,72,0610,05,False,False
JC124408,Tyler Wilson,,2026-05-07 16:38:00,2026,BURGLARY,FORCIBLE ENTRY,5100XX N DAMEN AVE,,010,1013,24,29,0610,05,False,False
JC124521,Cedric Wright,,2026-02-17 00:23:00,2026,MOTOR VEHICLE THEFT,AUTOMOBILE,5000XX W MADISON ST,ALLEY,020,2012,40,4,0910,07,False,False
JC124634,Xavier Allen,,2026-02-01 18:04:00,2026,THEFT,OVER $500,2800XX N BROADWAY,STREET,002,0222,4,38,0820,06,False,False
JC124747,Brian Lopez,IL-2083-IL,2026-07-23 12:05:00,2026,ROBBERY,ARMED: HANDGUN,1100XX N BROADWAY,SIDEWALK,010,1013,24,29,031A,03,False,False
JC124860,Tyler Moore,IL-3547-FT,2026-04-02 07:05:00,2026,ASSAULT,AGGRAVATED: HANDGUN,5900XX S STATE ST,COMMERCIAL BUILDING,022,2213,19,72,051A,04A,False,False
JC124973,Terrence Brown,,2026-01-06 15:22:00,2026,NARCOTICS,POSS: CANNABIS 30G OR LESS,4800XX N CLARK ST,BAR OR TAVERN,005,0511,9,49,1811,18,True,False
JC125086,Tyler Young,,2026-05-17 02:16:00,2026,BATTERY,SIMPLE ASSAULT,5900XX S WESTERN AVE,PARKING LOT,018,1831,43,7,0460,08B,False,True
JC125199,Kevin Vance,,2026-02-19 21:46:00,2026,BATTERY,SIMPLE ASSAULT,9500XX W CHICAGO AVE,STREET,018,1831,43,7,0460,08B,True,True
JC125312,Dante Thomas,IL-1862-EU,2026-03-06 01:35:00,2026,ASSAULT,AGGRAVATED: HANDGUN,4200XX W CHICAGO AVE,ALLEY,008,0815,13,65,051A,04A,False,False
JC125425,Elijah Ramirez,,2026-01-13 02:56:00,2026,CRIMINAL DAMAGE,TO PROPERTY,4000XX S HALSTED ST,SIDEWALK,011,1124,28,26,1310,14,True,False
JC125538,Derek Wilson,IL-1157-YA,2026-05-24 19:15:00,2026,CRIMINAL DAMAGE,TO PROPERTY,7600XX S MICHIGAN AVE,RESIDENCE,017,1732,35,21,1310,14,False,False
JC125651,Damian Young,IL-9935-CK,2026-07-28 23:46:00,2026,NARCOTICS,POSS: CANNABIS 30G OR LESS,2700XX S STATE ST,RESIDENCE,018,1831,43,7,1811,18,False,False
JC125764,Darius Allen,IL-8126-RD,2026-04-28 16:26:00,2026,MOTOR VEHICLE THEFT,AUTOMOBILE,9600XX W FULLERTON AVE,COMMERCIAL BUILDING,003,0313,20,42,0910,07,False,False
JC125877,Kareem Thomas,IL-2785-EE,2026-05-09 10:59:00,2026,ASSAULT,AGGRAVATED: HANDGUN,9500XX W 55TH ST,PARKING LOT,011,1124,28,26,051A,04A,True,False
JC125990,Isaiah Anderson,,2026-08-11 13:07:00,2026,MOTOR VEHICLE THEFT,AUTOMOBILE,2700XX S WABASH AVE,GAS STATION / CONVENIENCE STORE,016,1622,45,15,0910,07,False,False
JC126103,Lamar Lee,,2026-05-27 22:44:00,2026,THEFT,OVER $500,4200XX S COTTAGE GROVE AVE,SIDEWALK,005,0511,9,49,0820,06,False,True
JC126216,Darius Ramirez,,2026-03-01 12:54:00,2026,CRIMINAL DAMAGE,TO PROPERTY,9600XX N CICERO AVE,RESIDENCE,019,1923,44,6,1310,14,False,False
JC126329,Andre Nguyen,IL-4239-XL,2026-01-27 07:08:00,2026,BURGLARY,FORCIBLE ENTRY,4800XX W ROOSEVELT RD,,025,2515,30,19,0610,05,False,False
JC126442,Jalen White,,2026-03-03 10:07:00,2026,THEFT,OVER $500,0700XX W FULLERTON AVE,COMMERCIAL BUILDING,006,0623,6,69,0820,06,False,False
JC126555,Kendrick Flores,,2026-06-07 05:17:00,2026,NARCOTICS,POSS: CANNABIS 30G OR LESS,2000XX W FULLERTON AVE,COMMERCIAL BUILDING,002,0222,4,38,1811,18,True,False
JC126668,Calvin Wilson,,2026-08-02 02:17:00,2026,ASSAULT,AGGRAVATED: HANDGUN,5400XX W MADISON ST,,007,0724,16,68,051A,04A,False,False
JC126781,Brian Jackson,,2026-07-26 22:22:00,2026,CRIMINAL DAMAGE,TO PROPERTY,6300XX N CICERO AVE,COMMERCIAL BUILDING,012,1212,25,28,1310,14,False,False
JC126894,Jose Williams,,2026-04-01 08:03:00,2026,CRIMINAL DAMAGE,TO PROPERTY,4600XX W 47TH ST,RESIDENCE,020,2012,40,4,1310,14,False,False
JC127007,Hector Jackson,,2026-01-25 07:36:00,2026,ASSAULT,AGGRAVATED: HANDGUN,2300XX S MICHIGAN AVE,RESIDENCE,006,0623,6,69,051A,04A,False,False
JC127120,Darnell Martinez,IL-1188-RC,2026-01-23 22:22:00,2026,ROBBERY,ARMED: HANDGUN,2500XX W 79TH ST,RESTAURANT,017,1732,35,21,031A,03,False,False
JC127233,Tyler Miller,IL-1188-RC,2026-08-01 10:58:00,2026,BURGLARY,FORCIBLE ENTRY,4400XX W MADISON ST,PARKING LOT,006,0623,6,69,0610,05,False,False
JC127346,Dante Jones,,2026-06-03 11:45:00,2026,ASSAULT,AGGRAVATED: HANDGUN,1300XX W 79TH ST,GAS STATION / CONVENIENCE STORE,011,1124,28,26,051A,04A,False,False
JC127459,Trevon Moore,IL-8517-DD,2026-08-21 10:11:00,2026,MOTOR VEHICLE THEFT,AUTOMOBILE,8600XX W CHICAGO AVE,APARTMENT,020,2012,40,4,0910,07,False,False
JC127572,Carlos Martin,,2026-01-06 19:20:00,2026,BURGLARY,FORCIBLE ENTRY,7300XX N KEDZIE AVE,DEPARTMENT STORE,004,0412,10,46,0610,05,False,False
JC127685,Lamar Washington,,2026-03-21 02:52:00,2026,MOTOR VEHICLE THEFT,AUTOMOBILE,0200XX W FULLERTON AVE,RESIDENCE,009,0914,15,61,0910,07,False,False
JC127798,Maurice Wright,,2026-01-13 14:46:00,2026,ASSAULT,AGGRAVATED: HANDGUN,5300XX N CLARK ST,ALLEY,017,1732,35,21,051A,04A,False,False
JC127911,Darius Washington,,2026-04-06 14:04:00,2026,THEFT,OVER $500,0300XX S HALSTED ST,GAS STATION / CONVENIENCE STORE,011,1124,28,26,0820,06,False,False
JC128024,Jose Hill,,2026-02-18 02:21:00,2026,CRIMINAL DAMAGE,TO PROPERTY,0400XX W 55TH ST,,015,1531,29,25,1310,14,False,False
JC128137,Darius Jenkins,,2026-04-07 13:44:00,2026,NARCOTICS,POSS: CANNABIS 30G OR LESS,3700XX S COMMERCIAL AVE,RESIDENCE,010,1013,24,29,1811,18,True,False
JC128250,Aaron Hernandez,,2026-01-12 00:27:00,2026,BATTERY,SIMPLE ASSAULT,8500XX S HALSTED ST,COMMERCIAL BUILDING,024,2411,49,1,0460,08B,True,True
JD128363,Andre Wright,,2026-02-16 03:19:00,2026,ASSAULT,AGGRAVATED: HANDGUN,6300XX S WESTERN AVE,GAS STATION / CONVENIENCE STORE,025,2515,30,19,051A,04A,False,False
JD128476,Gabriel Jenkins,,2026-03-15 01:16:00,2026,CRIMINAL DAMAGE,TO PROPERTY,3400XX W FULLERTON AVE,GAS STATION / CONVENIENCE STORE,008,0815,13,65,1310,14,False,False
JD128589,Damian Wright,,2026-06-26 17:26:00,2026,BURGLARY,FORCIBLE ENTRY,0800XX N CICERO AVE,RESTAURANT,014,1422,1,24,0610,05,False,False
JD128702,Calvin Torres,IL-3832-YE,2026-04-16 09:05:00,2026,ASSAULT,AGGRAVATED: HANDGUN,0500XX W 55TH ST,COMMERCIAL BUILDING,018,1831,43,7,051A,04A,False,False
JD128815,Jamal Garcia,,2026-04-26 06:08:00,2026,THEFT,OVER $500,1100XX N PULASKI RD,ALLEY,025,2515,30,19,0820,06,False,False
JD128928,Isaiah Vance,,2026-02-03 12:35:00,2026,ASSAULT,AGGRAVATED: HANDGUN,4200XX N CICERO AVE,RESTAURANT,009,0914,15,61,051A,04A,False,False
JD129041,Darius Torres,,2026-07-04 13:09:00,2026,ROBBERY,ARMED: HANDGUN,7600XX W 79TH ST,SIDEWALK,020,2012,40,4,031A,03,False,False
JD129154,Deandre Thomas,,2026-06-14 08:24:00,2026,CRIMINAL DAMAGE,TO PROPERTY,7800XX W 79TH ST,STREET,017,1732,35,21,1310,14,False,False
JD129267,Aaron Thomas,,2026-07-02 12:56:00,2026,MOTOR VEHICLE THEFT,AUTOMOBILE,3100XX W 55TH ST,BAR OR TAVERN,002,0222,4,38,0910,07,False,True
JD129380,Anthony Moore,,2026-05-10 08:53:00,2026,CRIMINAL DAMAGE,TO PROPERTY,8800XX W 55TH ST,RESIDENCE,004,0412,10,46,1310,14,False,False
JD129493,Adrian King,,2026-05-24 13:38:00,2026,BATTERY,SIMPLE ASSAULT,5700XX S COTTAGE GROVE AVE,ALLEY,007,0724,16,68,0460,08B,False,False
JD129606,Deandre Hernandez,IL-1488-CG,2026-03-03 09:45:00,2026,ASSAULT,AGGRAVATED: HANDGUN,6800XX W MADISON ST,STREET,020,2012,40,4,051A,04A,False,True
JD129719,Malik Miller,IL-8775-PJ,2026-06-23 06:17:00,2026,MOTOR VEHICLE THEFT,AUTOMOBILE,6500XX W FULLERTON AVE,,014,1422,1,24,0910,07,False,False
JD129832,Jose Torres,,2026-03-27 08:47:00,2026,BATTERY,SIMPLE ASSAULT,0400XX S HALSTED ST,STREET,014,1422,1,24,0460,08B,False,True
JD129945,Aaron Jones,IL-2169-PE,2026-04-22 06:17:00,2026,ASSAULT,AGGRAVATED: HANDGUN,0300XX W 47TH ST,STREET,025,2515,30,19,051A,04A,False,False
JD130058,Darnell King,IL-7131-OP,2026-05-14 12:54:00,2026,MOTOR VEHICLE THEFT,AUTOMOBILE,3300XX W FULLERTON AVE,DEPARTMENT STORE,007,0724,16,68,0910,07,False,False
JD130171,Dante Thomas,,2026-05-10 21:06:00,2026,CRIMINAL DAMAGE,TO PROPERTY,4400XX W BELMONT AVE,,009,0914,15,61,1310,14,False,False
JD130284,Dante Jones,,2026-05-07 04:33:00,2026,BURGLARY,FORCIBLE ENTRY,7700XX N MILWAUKEE AVE,,014,1422,1,24,0610,05,False,False
JD130397,Corey Gonzalez,,2026-05-14 12:24:00,2026,THEFT,OVER $500,9100XX W 79TH ST,RESIDENCE,020,2012,40,4,0820,06,False,False
JD130510,Darius Walker,,2026-06-17 09:54:00,2026,ROBBERY,ARMED: HANDGUN,7200XX S COMMERCIAL AVE,GAS STATION / CONVENIENCE STORE,006,0623,6,69,031A,03,False,False
JD130623,Darnell Harris,,2026-03-22 10:41:00,2026,BATTERY,SIMPLE ASSAULT,4600XX W CHICAGO AVE,BAR OR TAVERN,008,0815,13,65,0460,08B,False,True
JD130736,Brandon Walker,,2026-05-15 03:30:00,2026,THEFT,OVER $500,7500XX N KEDZIE AVE,COMMERCIAL BUILDING,020,2012,40,4,0820,06,False,False
JD130849,Damian Torres,,2026-07-17 09:26:00,2026,THEFT,OVER $500,1800XX W MADISON ST,PARKING LOT,007,0724,16,68,0820,06,False,False
JD130962,Tyler Vance,,2026-03-25 02:31:00,2026,MOTOR VEHICLE THEFT,AUTOMOBILE,2300XX N KEDZIE AVE,,011,1124,28,26,0910,07,False,False
JD131075,Aaron Thompson,,2026-03-16 02:08:00,2026,ASSAULT,AGGRAVATED: HANDGUN,5500XX N KEDZIE AVE,ALLEY,014,1422,1,24,051A,04A,True,False
JD131188,Lamar Gonzalez,,2026-01-11 16:12:00,2026,THEFT,OVER $500,0100XX S COMMERCIAL AVE,BAR OR TAVERN,024,2411,49,1,0820,06,False,False
JD131301,Isaiah King,,2026-07-17 18:19:00,2026,ROBBERY,ARMED: HANDGUN,0600XX W BELMONT AVE,GAS STATION / CONVENIENCE STORE,010,1013,24,29,031A,03,False,False
JD131414,Jerome Jones,,2026-03-11 15:22:00,2026,BURGLARY,FORCIBLE ENTRY,5200XX N CLARK ST,RESIDENCE,001,0111,42,32,0610,05,False,True
JD131527,Kendrick Jenkins,,2026-02-12 22:41:00,2026,THEFT,OVER $500,8200XX W ROOSEVELT RD,RESTAURANT,009,0914,15,61,0820,06,False,True
JD131640,Tyrone Walker,,2026-01-02 22:07:00,2026,ASSAULT,AGGRAVATED: HANDGUN,4900XX W FULLERTON AVE,RESTAURANT,004,0412,10,46,051A,04A,False,True
JD131753,Justin Jones,,2026-01-10 13:42:00,2026,BATTERY,SIMPLE ASSAULT,6700XX S COMMERCIAL AVE,COMMERCIAL BUILDING,009,0914,15,61,0460,08B,False,False
JD131866,Tyrone King,,2026-02-10 03:50:00,2026,BATTERY,SIMPLE ASSAULT,2600XX S WESTERN AVE,RESIDENCE,022,2213,19,72,0460,08B,False,True
JD131979,Marcus Vance,,2026-03-02 17:31:00,2026,BURGLARY,FORCIBLE ENTRY,6200XX W 55TH ST,RESIDENCE,011,1124,28,26,0610,05,False,False
JD132092,Jerome Ramirez,,2026-08-05 02:49:00,2026,BATTERY,SIMPLE ASSAULT,9300XX N DAMEN AVE,GAS STATION / CONVENIENCE STORE,004,0412,10,46,0460,08B,False,True
JD132205,Jalen Brown,IL-3793-IX,2026-02-27 05:55:00,2026,THEFT,OVER $500,4700XX S HALSTED ST,PARKING LOT,025,2515,30,19,0820,06,True,False
JD132318,Isaiah Thomas,IL-3732-CS,2026-05-24 02:23:00,2026,MOTOR VEHICLE THEFT,AUTOMOBILE,1500XX N CLARK ST,ALLEY,014,1422,1,24,0910,07,False,False
JD132431,Kareem Martinez,,2026-01-28 05:06:00,2026,ASSAULT,AGGRAVATED: HANDGUN,6200XX W 79TH ST,,020,2012,40,4,051A,04A,False,False
JD132544,Dante Vance,,2026-03-16 15:07:00,2026,ASSAULT,AGGRAVATED: HANDGUN,0600XX W FULLERTON AVE,GAS STATION / CONVENIENCE STORE,003,0313,20,42,051A,04A,False,False
JD132657,Maurice Thompson,,2026-04-22 10:33:00,2026,BATTERY,SIMPLE ASSAULT,8500XX N PULASKI RD,DEPARTMENT STORE,008,0815,13,65,0460,08B,True,False
JD132770,Brandon Young,IL-7203-KG,2026-01-01 20:59:00,2026,ROBBERY,ARMED: HANDGUN,6100XX W 47TH ST,APARTMENT,017,1732,35,21,031A,03,False,False
JD132883,Adrian Miller,,2026-08-15 18:28:00,2026,BATTERY,SIMPLE ASSAULT,5800XX S WESTERN AVE,SIDEWALK,011,1124,28,26,0460,08B,True,True
JD132996,Isaiah Martin,,2026-01-27 02:50:00,2026,NARCOTICS,POSS: CANNABIS 30G OR LESS,7200XX W 47TH ST,,007,0724,16,68,1811,18,True,False
JD133109,Kareem Brown,IL-5374-SR,2026-08-11 17:49:00,2026,CRIMINAL DAMAGE,TO PROPERTY,8500XX W 55TH ST,BAR OR TAVERN,012,1212,25,28,1310,14,True,False
JD133222,Tyrone Flores,,2026-06-23 03:02:00,2026,ROBBERY,ARMED: HANDGUN,1800XX S WESTERN AVE,SIDEWALK,015,1531,29,25,031A,03,False,False
JD133335,Hector Brown,,2026-04-15 06:45:00,2026,MOTOR VEHICLE THEFT,AUTOMOBILE,9700XX S STATE ST,STREET,015,1531,29,25,0910,07,False,False
JD133448,Brian Martinez,,2026-03-16 00:33:00,2026,THEFT,OVER $500,5600XX N CICERO AVE,DEPARTMENT STORE,020,2012,40,4,0820,06,False,False
JD133561,Lamar Thomas,IL-3263-KS,2026-02-13 21:38:00,2026,MOTOR VEHICLE THEFT,AUTOMOBILE,5000XX W 47TH ST,COMMERCIAL BUILDING,015,1531,29,25,0910,07,False,False
JD133674,Devon Hernandez,,2026-05-27 22:35:00,2026,MOTOR VEHICLE THEFT,AUTOMOBILE,9500XX W 55TH ST,,019,1923,44,6,0910,07,False,False
JD133787,Aaron Nguyen,IL-9747-HW,2026-03-23 20:11:00,2026,MOTOR VEHICLE THEFT,AUTOMOBILE,1500XX W 55TH ST,RESTAURANT,012,1212,25,28,0910,07,False,False
JD133900,Jamal Thomas,,2026-01-17 03:01:00,2026,ASSAULT,AGGRAVATED: HANDGUN,0700XX W MADISON ST,STREET,025,2515,30,19,051A,04A,False,True
JD134013,Maurice Clark,,2026-05-05 01:44:00,2026,NARCOTICS,POSS: CANNABIS 30G OR LESS,9700XX S COTTAGE GROVE AVE,STREET,019,1923,44,6,1811,18,True,False
JD134126,Tyler Thompson,,2026-04-24 20:35:00,2026,ASSAULT,AGGRAVATED: HANDGUN,6600XX W CHICAGO AVE,BAR OR TAVERN,010,1013,24,29,051A,04A,False,False
JD134239,Cedric Nguyen,,2026-06-18 01:00:00,2026,NARCOTICS,POSS: CANNABIS 30G OR LESS,8000XX S COTTAGE GROVE AVE,RESIDENCE,016,1622,45,15,1811,18,True,False
JD134352,Trevon Ortiz,,2026-04-10 14:11:00,2026,BATTERY,SIMPLE ASSAULT,2300XX N CLARK ST,SIDEWALK,018,1831,43,7,0460,08B,False,False
JD134465,Tyler Flores,,2026-05-01 10:29:00,2026,ROBBERY,ARMED: HANDGUN,2000XX N MILWAUKEE AVE,COMMERCIAL BUILDING,011,1124,28,26,031A,03,False,False
JD134578,Jose Harris,,2026-06-03 22:20:00,2026,BURGLARY,FORCIBLE ENTRY,6700XX N CLARK ST,RESTAURANT,003,0313,20,42,0610,05,False,False
JD134691,Aaron Scott,IL-8301-GQ,2026-04-22 10:21:00,2026,MOTOR VEHICLE THEFT,AUTOMOBILE,2800XX S HALSTED ST,RESTAURANT,022,2213,19,72,0910,07,False,False
JD134804,Derek Taylor,,2026-04-02 21:56:00,2026,MOTOR VEHICLE THEFT,AUTOMOBILE,1500XX W ROOSEVELT RD,GAS STATION / CONVENIENCE STORE,014,1422,1,24,0910,07,True,False
JD134917,Jose Wright,IL-4492-WL,2026-08-16 01:18:00,2026,BURGLARY,FORCIBLE ENTRY,6600XX W 63RD ST,SIDEWALK,003,0313,20,42,0610,05,False,False
JD135030,Dominic Ramirez,IL-7227-HQ,2026-02-07 17:53:00,2026,ASSAULT,AGGRAVATED: HANDGUN,1000XX N KEDZIE AVE,APARTMENT,025,2515,30,19,051A,04A,False,True
JD135143,Xavier Sanchez,IL-1434-OS,2026-02-19 07:58:00,2026,NARCOTICS,POSS: CANNABIS 30G OR LESS,5000XX N PULASKI RD,,016,1622,45,15,1811,18,True,False
JD135256,Andre Taylor,,2026-01-23 02:22:00,2026,BATTERY,SIMPLE ASSAULT,8800XX S HALSTED ST,COMMERCIAL BUILDING,010,1013,24,29,0460,08B,False,True
JD135369,Reginald Garcia,,2026-01-16 05:34:00,2026,BURGLARY,FORCIBLE ENTRY,9600XX W MADISON ST,RESTAURANT,014,1422,1,24,0610,05,False,False
JD135482,Justin White,IL-6633-FX,2026-06-01 17:55:00,2026,ROBBERY,ARMED: HANDGUN,0600XX S STATE ST,COMMERCIAL BUILDING,001,0111,42,32,031A,03,False,False
JD135595,Gabriel Jenkins,,2026-03-06 05:14:00,2026,NARCOTICS,POSS: CANNABIS 30G OR LESS,1500XX S COTTAGE GROVE AVE,,006,0623,6,69,1811,18,True,False
JD135708,Jamal Nguyen,IL-2639-HB,2026-08-21 17:04:00,2026,NARCOTICS,POSS: CANNABIS 30G OR LESS,0900XX S COMMERCIAL AVE,SIDEWALK,009,0914,15,61,1811,18,True,False
JD135821,Hector Garcia,IL-1079-IU,2026-04-11 15:28:00,2026,MOTOR VEHICLE THEFT,AUTOMOBILE,8500XX S DR MARTIN LUTHER KING JR DR,BAR OR TAVERN,010,1013,24,29,0910,07,False,False
JD135934,Darnell Young,IL-3293-XF,2026-07-09 11:08:00,2026,MOTOR VEHICLE THEFT,AUTOMOBILE,6000XX S WESTERN AVE,PARKING LOT,016,1622,45,15,0910,07,False,False
JD136047,Hector White,IL-9797-TT,2026-02-24 02:57:00,2026,THEFT,OVER $500,8100XX W 47TH ST,COMMERCIAL BUILDING,001,0111,42,32,0820,06,False,False
JD136160,Reginald Jones,,2026-08-21 04:23:00,2026,ASSAULT,AGGRAVATED: HANDGUN,9900XX W CHICAGO AVE,BAR OR TAVERN,020,2012,40,4,051A,04A,False,False
JD136273,Jose Martinez,,2026-01-22 07:54:00,2026,ROBBERY,ARMED: HANDGUN,6600XX S WABASH AVE,DEPARTMENT STORE,005,0511,9,49,031A,03,False,False
JD136386,Brandon Anderson,IL-6918-KX,2026-03-24 23:30:00,2026,MOTOR VEHICLE THEFT,AUTOMOBILE,2900XX N MILWAUKEE AVE,RESIDENCE,017,1732,35,21,0910,07,False,False
JD136499,Tyrone Nguyen,,2026-01-02 20:20:00,2026,BATTERY,SIMPLE ASSAULT,6700XX W 55TH ST,GAS STATION / CONVENIENCE STORE,024,2411,49,1,0460,08B,False,True
JD136612,Calvin White,,2026-06-19 20:57:00,2026,BATTERY,SIMPLE ASSAULT,3300XX W 47TH ST,RESIDENCE,014,1422,1,24,0460,08B,False,False
JD136725,Brian Thomas,IL-2938-RK,2026-08-20 00:32:00,2026,ROBBERY,ARMED: HANDGUN,2200XX W FULLERTON AVE,SIDEWALK,008,0815,13,65,031A,03,False,False
JD136838,Damian Miller,,2026-06-24 03:30:00,2026,CRIMINAL DAMAGE,TO PROPERTY,2700XX S WESTERN AVE,APARTMENT,020,2012,40,4,1310,14,False,True
JD136951,Calvin White,IL-5644-YF,2026-03-21 16:02:00,2026,ROBBERY,ARMED: HANDGUN,2200XX N MILWAUKEE AVE,APARTMENT,009,0914,15,61,031A,03,False,False
JD137064,Deandre Flores,,2026-08-28 15:10:00,2026,BURGLARY,FORCIBLE ENTRY,7700XX N PULASKI RD,COMMERCIAL BUILDING,005,0511,9,49,0610,05,False,False
JD137177,Darius Miller,,2026-06-15 19:37:00,2026,BATTERY,SIMPLE ASSAULT,4900XX W CHICAGO AVE,APARTMENT,014,1422,1,24,0460,08B,True,False
JD137290,Kevin Wright,,2026-07-27 04:38:00,2026,BATTERY,SIMPLE ASSAULT,6100XX N CLARK ST,COMMERCIAL BUILDING,022,2213,19,72,0460,08B,False,True
JD137403,Calvin Harris,,2026-03-20 17:52:00,2026,THEFT,OVER $500,8700XX S WABASH AVE,ALLEY,024,2411,49,1,0820,06,False,True
JD137516,Jalen Jones,,2026-04-26 15:50:00,2026,ASSAULT,AGGRAVATED: HANDGUN,7600XX S MICHIGAN AVE,SIDEWALK,020,2012,40,4,051A,04A,False,False
JD137629,Marcus Torres,,2026-02-10 19:56:00,2026,ASSAULT,AGGRAVATED: HANDGUN,2500XX N BROADWAY,BAR OR TAVERN,001,0111,42,32,051A,04A,False,False
JD137742,Hector Anderson,IL-7511-TK,2026-04-23 10:26:00,2026,MOTOR VEHICLE THEFT,AUTOMOBILE,2000XX S STATE ST,,015,1531,29,25,0910,07,False,False
JD137855,Xavier Jones,,2026-08-06 11:35:00,2026,CRIMINAL DAMAGE,TO PROPERTY,4000XX N BROADWAY,PARKING LOT,020,2012,40,4,1310,14,False,False
JD137968,Elijah Flores,,2026-08-26 22:10:00,2026,BATTERY,SIMPLE ASSAULT,6600XX S COTTAGE GROVE AVE,PARKING LOT,014,1422,1,24,0460,08B,False,False
JD138081,Brandon Anderson,IL-8517-DD,2026-01-26 02:52:00,2026,ROBBERY,ARMED: HANDGUN,7700XX S WESTERN AVE,SIDEWALK,015,1531,29,25,031A,03,False,False
JD138194,Jamal King,,2026-05-23 19:03:00,2026,ROBBERY,ARMED: HANDGUN,6400XX N KEDZIE AVE,STREET,016,1622,45,15,031A,03,False,False
JD138307,Jose Johnson,,2026-04-20 05:43:00,2026,THEFT,OVER $500,3100XX S MICHIGAN AVE,STREET,024,2411,49,1,0820,06,False,False
JD138420,Elijah Taylor,,2026-07-13 18:12:00,2026,THEFT,OVER $500,9100XX N DAMEN AVE,SIDEWALK,003,0313,20,42,0820,06,False,False
JD138533,Tyrone Martinez,IL-3615-SI,2026-06-27 08:14:00,2026,BURGLARY,FORCIBLE ENTRY,5200XX W FULLERTON AVE,STREET,020,2012,40,4,0610,05,False,False
JD138646,Corey Ramirez,,2026-05-18 18:16:00,2026,CRIMINAL DAMAGE,TO PROPERTY,7300XX W ROOSEVELT RD,RESIDENCE,017,1732,35,21,1310,14,False,False
JD138759,Jerome Jackson,,2026-08-04 08:04:00,2026,ASSAULT,AGGRAVATED: HANDGUN,2900XX N KEDZIE AVE,BAR OR TAVERN,025,2515,30,19,051A,04A,False,False
JD138872,Elijah Martinez,,2026-05-08 09:05:00,2026,ASSAULT,AGGRAVATED: HANDGUN,9600XX S COMMERCIAL AVE,SIDEWALK,011,1124,28,26,051A,04A,False,False
JD138985,Lamar Anderson,IL-3555-UD,2026-05-06 23:43:00,2026,BURGLARY,FORCIBLE ENTRY,9500XX S WESTERN AVE,RESIDENCE,007,0724,16,68,0610,05,False,False
JD139098,Cedric Flores,,2026-02-22 21:31:00,2026,THEFT,OVER $500,7000XX S WABASH AVE,DEPARTMENT STORE,002,0222,4,38,0820,06,False,False
JD139211,Tyler King,,2026-05-16 05:48:00,2026,NARCOTICS,POSS: CANNABIS 30G OR LESS,2900XX W ROOSEVELT RD,APARTMENT,020,2012,40,4,1811,18,True,False
JD139324,Dante Vance,,2026-06-13 21:49:00,2026,ROBBERY,ARMED: HANDGUN,1600XX W FULLERTON AVE,DEPARTMENT STORE,018,1831,43,7,031A,03,True,False
JD139437,Terrence Walker,IL-7866-SJ,2026-06-12 19:55:00,2026,NARCOTICS,POSS: CANNABIS 30G OR LESS,7100XX N CLARK ST,RESIDENCE,009,0914,15,61,1811,18,False,False
JD139550,Terrence Wilson,IL-3450-MA,2026-07-09 14:11:00,2026,ROBBERY,ARMED: HANDGUN,8800XX W 79TH ST,SIDEWALK,008,0815,13,65,031A,03,False,False
JD139663,Gabriel Jenkins,IL-8807-VC,2026-07-16 04:57:00,2026,MOTOR VEHICLE THEFT,AUTOMOBILE,3900XX S WESTERN AVE,RESTAURANT,009,0914,15,61,0910,07,False,False
JD139776,Maurice Hill,,2026-06-09 11:23:00,2026,NARCOTICS,POSS: CANNABIS 30G OR LESS,0300XX S MICHIGAN AVE,SIDEWALK,015,1531,29,25,1811,18,True,False
JD139889,Kareem Johnson,IL-6635-PU,2026-03-25 09:22:00,2026,MOTOR VEHICLE THEFT,AUTOMOBILE,6600XX S COMMERCIAL AVE,BAR OR TAVERN,017,1732,35,21,0910,07,False,False
JD140002,Jerome Jackson,,2026-06-14 20:39:00,2026,ASSAULT,AGGRAVATED: HANDGUN,1100XX W BELMONT AVE,PARKING LOT,006,0623,6,69,051A,04A,False,False
JD140115,Damian Rodriguez,,2026-07-09 14:49:00,2026,MOTOR VEHICLE THEFT,AUTOMOBILE,7600XX N DAMEN AVE,DEPARTMENT STORE,018,1831,43,7,0910,07,False,True
JD140228,Darius Washington,,2026-05-24 22:47:00,2026,BATTERY,SIMPLE ASSAULT,2200XX S COTTAGE GROVE AVE,SIDEWALK,014,1422,1,24,0460,08B,False,True
JD140341,Trevon Moore,,2026-07-17 02:06:00,2026,NARCOTICS,POSS: CANNABIS 30G OR LESS,2000XX S DR MARTIN LUTHER KING JR DR,,003,0313,20,42,1811,18,True,False
JD140454,Dante Walker,,2026-03-05 16:53:00,2026,ROBBERY,ARMED: HANDGUN,0500XX S ASHLAND AVE,PARKING LOT,025,2515,30,19,031A,03,False,False
JD140567,Gabriel Sanchez,IL-9797-TT,2026-08-05 22:34:00,2026,ROBBERY,ARMED: HANDGUN,7700XX W 79TH ST,,016,1622,45,15,031A,03,False,False
JD140680,Darnell Vance,,2026-04-26 02:28:00,2026,NARCOTICS,POSS: CANNABIS 30G OR LESS,5300XX S MICHIGAN AVE,APARTMENT,009,0914,15,61,1811,18,True,False
JD140793,Marcus Sanchez,,2026-06-10 15:34:00,2026,THEFT,OVER $500,6300XX W 55TH ST,GAS STATION / CONVENIENCE STORE,017,1732,35,21,0820,06,False,False
JD140906,Trevon Thompson,,2026-06-07 13:56:00,2026,ASSAULT,AGGRAVATED: HANDGUN,3200XX W ROOSEVELT RD,BAR OR TAVERN,006,0623,6,69,051A,04A,True,True
JD141019,Anthony Taylor,,2026-05-10 20:47:00,2026,NARCOTICS,POSS: CANNABIS 30G OR LESS,2500XX N PULASKI RD,APARTMENT,003,0313,20,42,1811,18,True,False
JD141132,Darius Taylor,,2026-08-07 10:01:00,2026,ROBBERY,ARMED: HANDGUN,6900XX N MILWAUKEE AVE,APARTMENT,001,0111,42,32,031A,03,False,False
JD141245,Adrian Perez,,2026-04-03 04:00:00,2026,CRIMINAL DAMAGE,TO PROPERTY,4400XX S COTTAGE GROVE AVE,GAS STATION / CONVENIENCE STORE,015,1531,29,25,1310,14,False,False
JD141358,Jamal Anderson,IL-5078-KZ,2026-03-02 08:49:00,2026,ASSAULT,AGGRAVATED: HANDGUN,7000XX W BELMONT AVE,APARTMENT,017,1732,35,21,051A,04A,False,False
JD141471,Devon Walker,,2026-04-24 01:12:00,2026,CRIMINAL DAMAGE,TO PROPERTY,9900XX N DAMEN AVE,RESTAURANT,004,0412,10,46,1310,14,False,False
JD141584,Jamal Perez,,2026-03-21 23:02:00,2026,BATTERY,SIMPLE ASSAULT,6200XX N BROADWAY,GAS STATION / CONVENIENCE STORE,024,2411,49,1,0460,08B,False,False
JD141697,Malik White,IL-8786-RE,2026-02-08 20:27:00,2026,MOTOR VEHICLE THEFT,AUTOMOBILE,2200XX S ASHLAND AVE,COMMERCIAL BUILDING,009,0914,15,61,0910,07,False,True
JD141810,Tyler Jenkins,,2026-02-08 05:31:00,2026,BATTERY,SIMPLE ASSAULT,8000XX S COMMERCIAL AVE,,011,1124,28,26,0460,08B,False,True
JD141923,Jamal Miller,IL-8951-SO,2026-02-05 15:14:00,2026,MOTOR VEHICLE THEFT,AUTOMOBILE,8300XX N CICERO AVE,DEPARTMENT STORE,012,1212,25,28,0910,07,False,False
JD142036,Justin Scott,IL-9873-JA,2026-08-07 18:11:00,2026,MOTOR VEHICLE THEFT,AUTOMOBILE,9400XX W 63RD ST,GAS STATION / CONVENIENCE STORE,016,1622,45,15,0910,07,False,False
JD142149,Dante Washington,,2026-07-24 05:56:00,2026,THEFT,OVER $500,4700XX S DR MARTIN LUTHER KING JR DR,RESIDENCE,022,2213,19,72,0820,06,False,False
JD142262,Malik Williams,,2026-08-25 17:09:00,2026,NARCOTICS,POSS: CANNABIS 30G OR LESS,5300XX W 63RD ST,PARKING LOT,024,2411,49,1,1811,18,True,False
JD142375,Gabriel Thompson,,2026-03-06 01:12:00,2026,BATTERY,SIMPLE ASSAULT,2500XX S WESTERN AVE,STREET,004,0412,10,46,0460,08B,False,True
JD142488,Andre Ramirez,,2026-05-02 11:14:00,2026,BATTERY,SIMPLE ASSAULT,2700XX S ASHLAND AVE,DEPARTMENT STORE,024,2411,49,1,0460,08B,False,True
JD142601,Brandon Moore,,2026-07-27 11:50:00,2026,THEFT,OVER $500,3500XX S DR MARTIN LUTHER KING JR DR,STREET,018,1831,43,7,0820,06,True,False
JD142714,Lamar Torres,,2026-02-24 07:34:00,2026,ASSAULT,AGGRAVATED: HANDGUN,2500XX S COTTAGE GROVE AVE,,018,1831,43,7,051A,04A,False,True
JD142827,Darius Rodriguez,IL-9747-ZL,2026-07-24 03:49:00,2026,MOTOR VEHICLE THEFT,AUTOMOBILE,5900XX S COMMERCIAL AVE,ALLEY,025,2515,30,19,0910,07,False,False
JD142940,Dante Hill,IL-5162-JL,2026-06-11 17:20:00,2026,MOTOR VEHICLE THEFT,AUTOMOBILE,9800XX N PULASKI RD,ALLEY,024,2411,49,1,0910,07,False,False
JD143053,Darnell Vance,,2026-07-01 23:02:00,2026,NARCOTICS,POSS: CANNABIS 30G OR LESS,0300XX S DR MARTIN LUTHER KING JR DR,APARTMENT,018,1831,43,7,1811,18,True,False
JD143166,Gabriel Garcia,IL-2307-WW,2026-01-25 22:52:00,2026,NARCOTICS,POSS: CANNABIS 30G OR LESS,6600XX N CICERO AVE,COMMERCIAL BUILDING,019,1923,44,6,1811,18,True,False
JD143279,Dante Walker,,2026-04-09 09:05:00,2026,ASSAULT,AGGRAVATED: HANDGUN,2800XX W 79TH ST,BAR OR TAVERN,003,0313,20,42,051A,04A,True,False
JD143392,Tyler Martin,,2026-02-20 20:19:00,2026,THEFT,OVER $500,7400XX N DAMEN AVE,SIDEWALK,014,1422,1,24,0820,06,False,False
JD143505,Darnell King,,2026-02-28 07:47:00,2026,THEFT,OVER $500,8100XX N KEDZIE AVE,STREET,014,1422,1,24,0820,06,True,False
JD143618,Brian Johnson,,2026-04-05 01:43:00,2026,ASSAULT,AGGRAVATED: HANDGUN,9700XX W FULLERTON AVE,COMMERCIAL BUILDING,022,2213,19,72,051A,04A,True,False
JD143731,Xavier Allen,,2026-03-11 02:30:00,2026,THEFT,OVER $500,5200XX N CICERO AVE,SIDEWALK,009,0914,15,61,0820,06,False,False
JD143844,Kendrick King,,2026-08-18 06:31:00,2026,ASSAULT,AGGRAVATED: HANDGUN,7400XX N KEDZIE AVE,RESTAURANT,007,0724,16,68,051A,04A,True,True
JD143957,Maurice Hernandez,IL-1916-FA,2026-06-22 18:05:00,2026,BATTERY,SIMPLE ASSAULT,5300XX S COMMERCIAL AVE,PARKING LOT,015,1531,29,25,0460,08B,True,False
JD144070,Carlos Johnson,,2026-08-20 04:28:00,2026,THEFT,OVER $500,2600XX W CHICAGO AVE,PARKING LOT,025,2515,30,19,0820,06,True,False
JD144183,Aaron Miller,IL-5237-OQ,2026-03-28 09:00:00,2026,MOTOR VEHICLE THEFT,AUTOMOBILE,1500XX W 55TH ST,DEPARTMENT STORE,010,1013,24,29,0910,07,False,False
JD144296,Kevin Anderson,,2026-03-23 22:42:00,2026,THEFT,OVER $500,7500XX W ROOSEVELT RD,RESTAURANT,025,2515,30,19,0820,06,False,False
JD144409,Cedric Williams,,2026-05-02 14:41:00,2026,THEFT,OVER $500,5000XX W BELMONT AVE,GAS STATION / CONVENIENCE STORE,025,2515,30,19,0820,06,True,False
JD144522,Andre Martinez,,2026-04-13 16:45:00,2026,BATTERY,SIMPLE ASSAULT,6300XX W 63RD ST,RESTAURANT,022,2213,19,72,0460,08B,True,False
JD144635,Jose Miller,,2026-01-02 07:59:00,2026,NARCOTICS,POSS: CANNABIS 30G OR LESS,6300XX W 63RD ST,BAR OR TAVERN,014,1422,1,24,1811,18,True,False
JD144748,Elijah Thomas,,2026-04-17 08:51:00,2026,THEFT,OVER $500,3300XX N KEDZIE AVE,STREET,014,1422,1,24,0820,06,False,False
JD144861,Jalen Moore,,2026-03-03 23:24:00,2026,BURGLARY,FORCIBLE ENTRY,3100XX N PULASKI RD,APARTMENT,020,2012,40,4,0610,05,False,False
JD144974,Jalen Garcia,IL-9797-TT,2026-04-21 04:37:00,2026,BURGLARY,FORCIBLE ENTRY,4000XX W MADISON ST,APARTMENT,018,1831,43,7,0610,05,False,False
JD145087,Damian Moore,,2026-02-06 10:53:00,2026,ROBBERY,ARMED: HANDGUN,0400XX N DAMEN AVE,ALLEY,011,1124,28,26,031A,03,False,False
JD145200,Terrence Hill,IL-6886-CU,2026-05-05 06:06:00,2026,ROBBERY,ARMED: HANDGUN,0400XX N CLARK ST,COMMERCIAL BUILDING,022,2213,19,72,031A,03,False,False
JD145313,Anthony Rodriguez,,2026-03-17 19:30:00,2026,MOTOR VEHICLE THEFT,AUTOMOBILE,5000XX N CLARK ST,DEPARTMENT STORE,017,1732,35,21,0910,07,False,False
JD145426,Kareem Flores,,2026-01-09 13:14:00,2026,BURGLARY,FORCIBLE ENTRY,2700XX S WABASH AVE,APARTMENT,003,0313,20,42,0610,05,False,False
JD145539,Dante White,,2026-04-14 12:49:00,2026,THEFT,OVER $500,9500XX S DR MARTIN LUTHER KING JR DR,BAR OR TAVERN,014,1422,1,24,0820,06,False,False
JD145652,Xavier Ortiz,,2026-01-17 03:28:00,2026,CRIMINAL DAMAGE,TO PROPERTY,3200XX N MILWAUKEE AVE,RESTAURANT,018,1831,43,7,1310,14,False,False
JD145765,Jalen Taylor,,2026-01-07 09:28:00,2026,ASSAULT,AGGRAVATED: HANDGUN,3700XX S HALSTED ST,APARTMENT,016,1622,45,15,051A,04A,False,True
JD145878,Hector Wright,,2026-03-15 20:28:00,2026,BATTERY,SIMPLE ASSAULT,6500XX N DAMEN AVE,APARTMENT,004,0412,10,46,0460,08B,True,True
JD145991,Jose Brown,,2026-03-15 18:57:00,2026,BURGLARY,FORCIBLE ENTRY,1200XX W FULLERTON AVE,PARKING LOT,009,0914,15,61,0610,05,False,False
JD146104,Jose Martin,IL-3930-TB,2026-02-17 22:24:00,2026,ROBBERY,ARMED: HANDGUN,7100XX W ROOSEVELT RD,STREET,014,1422,1,24,031A,03,False,False
JD146217,Anthony Hernandez,IL-9169-OA,2026-05-10 23:49:00,2026,CRIMINAL DAMAGE,TO PROPERTY,8100XX S HALSTED ST,SIDEWALK,006,0623,6,69,1310,14,True,False
JD146330,Justin Hill,,2026-08-08 06:37:00,2026,CRIMINAL DAMAGE,TO PROPERTY,5300XX W FULLERTON AVE,SIDEWALK,016,1622,45,15,1310,14,True,False
JD146443,Kevin Torres,,2026-04-02 05:09:00,2026,THEFT,OVER $500,4500XX N KEDZIE AVE,APARTMENT,002,0222,4,38,0820,06,False,False
JD146556,Justin Torres,,2026-01-04 13:11:00,2026,ROBBERY,ARMED: HANDGUN,3700XX S COMMERCIAL AVE,,022,2213,19,72,031A,03,False,False
JD146669,Jalen Scott,IL-6393-NN,2026-06-02 02:49:00,2026,NARCOTICS,POSS: CANNABIS 30G OR LESS,4800XX W 63RD ST,SIDEWALK,014,1422,1,24,1811,18,True,False
JD146782,Reginald Sanchez,,2026-04-20 01:06:00,2026,BATTERY,SIMPLE ASSAULT,9300XX S WESTERN AVE,BAR OR TAVERN,022,2213,19,72,0460,08B,False,True
JD146895,Adrian Martinez,,2026-06-05 19:36:00,2026,CRIMINAL DAMAGE,TO PROPERTY,9400XX W 47TH ST,DEPARTMENT STORE,024,2411,49,1,1310,14,False,False
JD147008,Damian Harris,,2026-04-01 03:01:00,2026,CRIMINAL DAMAGE,TO PROPERTY,1600XX N KEDZIE AVE,COMMERCIAL BUILDING,007,0724,16,68,1310,14,True,False
JD147121,Brian Scott,,2026-04-01 20:12:00,2026,NARCOTICS,POSS: CANNABIS 30G OR LESS,0900XX N BROADWAY,GAS STATION / CONVENIENCE STORE,010,1013,24,29,1811,18,True,False
JD147234,Aaron Walker,,2026-06-13 23:36:00,2026,THEFT,OVER $500,2500XX N CLARK ST,PARKING LOT,011,1124,28,26,0820,06,False,False
JD147347,Darnell Torres,IL-4598-RV,2026-08-28 17:57:00,2026,MOTOR VEHICLE THEFT,AUTOMOBILE,5300XX W FULLERTON AVE,RESTAURANT,002,0222,4,38,0910,07,False,False
JD147460,Jose Torres,,2026-06-03 04:17:00,2026,THEFT,OVER $500,4900XX W 63RD ST,RESTAURANT,024,2411,49,1,0820,06,False,False
JD147573,Lamar Perez,,2026-05-23 10:45:00,2026,THEFT,OVER $500,5300XX N BROADWAY,DEPARTMENT STORE,003,0313,20,42,0820,06,False,False
JD147686,Brian Miller,,2026-05-06 03:23:00,2026,THEFT,OVER $500,2600XX S WABASH AVE,DEPARTMENT STORE,003,0313,20,42,0820,06,False,False
JD147799,Calvin Jones,,2026-06-16 23:55:00,2026,NARCOTICS,POSS: CANNABIS 30G OR LESS,4200XX S WABASH AVE,SIDEWALK,005,0511,9,49,1811,18,True,False
JD147912,Isaiah Ortiz,,2026-02-01 09:59:00,2026,THEFT,OVER $500,7700XX S COMMERCIAL AVE,PARKING LOT,003,0313,20,42,0820,06,True,False
JD148025,Terrence Wright,IL-6977-EJ,2026-01-19 09:40:00,2026,BURGLARY,FORCIBLE ENTRY,2600XX W 63RD ST,GAS STATION / CONVENIENCE STORE,007,0724,16,68,0610,05,False,False
JD148138,Dante Thomas,,2026-02-01 19:35:00,2026,BATTERY,SIMPLE ASSAULT,7000XX S COTTAGE GROVE AVE,RESTAURANT,012,1212,25,28,0460,08B,True,False
JD148251,Dominic Walker,IL-8517-DD,2026-04-06 02:19:00,2026,MOTOR VEHICLE THEFT,AUTOMOBILE,5700XX N CICERO AVE,APARTMENT,002,0222,4,38,0910,07,False,False
JD148364,Jamal Wright,,2026-03-23 19:57:00,2026,CRIMINAL DAMAGE,TO PROPERTY,4600XX S DR MARTIN LUTHER KING JR DR,PARKING LOT,010,1013,24,29,1310,14,True,False
JD148477,Isaiah Walker,,2026-03-03 22:29:00,2026,BATTERY,SIMPLE ASSAULT,4000XX W FULLERTON AVE,,025,2515,30,19,0460,08B,True,True
JD148590,Brandon Walker,,2026-05-12 12:11:00,2026,MOTOR VEHICLE THEFT,AUTOMOBILE,5900XX W 63RD ST,STREET,017,1732,35,21,0910,07,True,False
JD148703,Darius Jackson,IL-7773-GG,2026-05-25 11:38:00,2026,ROBBERY,ARMED: HANDGUN,1400XX W 47TH ST,BAR OR TAVERN,014,1422,1,24,031A,03,False,False
JD148816,Jalen Torres,IL-2276-TS,2026-03-16 12:04:00,2026,MOTOR VEHICLE THEFT,AUTOMOBILE,8900XX S COTTAGE GROVE AVE,ALLEY,020,2012,40,4,0910,07,False,False
JD148929,Deandre Moore,,2026-08-04 18:38:00,2026,CRIMINAL DAMAGE,TO PROPERTY,7200XX W 63RD ST,DEPARTMENT STORE,004,0412,10,46,1310,14,False,True
JD149042,Marcus Garcia,,2026-07-11 15:41:00,2026,THEFT,OVER $500,2800XX W BELMONT AVE,COMMERCIAL BUILDING,005,0511,9,49,0820,06,False,False
JD149155,Jalen Lee,IL-3089-WB,2026-08-07 06:43:00,2026,MOTOR VEHICLE THEFT,AUTOMOBILE,7300XX S HALSTED ST,GAS STATION / CONVENIENCE STORE,025,2515,30,19,0910,07,False,False
JD149268,Jalen Nguyen,IL-9797-TT,2026-01-01 22:35:00,2026,MOTOR VEHICLE THEFT,AUTOMOBILE,3700XX S STATE ST,RESIDENCE,001,0111,42,32,0910,07,False,False
JD149381,Damian Garcia,IL-4657-DC,2026-04-22 05:30:00,2026,ROBBERY,ARMED: HANDGUN,7200XX S COTTAGE GROVE AVE,PARKING LOT,014,1422,1,24,031A,03,False,False
JD149494,Damian Ramirez,,2026-03-24 15:42:00,2026,ASSAULT,AGGRAVATED: HANDGUN,1100XX W MADISON ST,,005,0511,9,49,051A,04A,False,False
JD149607,Jalen Hill,,2026-03-15 16:27:00,2026,CRIMINAL DAMAGE,TO PROPERTY,4600XX W ROOSEVELT RD,APARTMENT,008,0815,13,65,1310,14,True,False
JD149720,Cedric Brown,IL-9624-ZZ,2026-05-14 17:36:00,2026,MOTOR VEHICLE THEFT,AUTOMOBILE,0500XX N MILWAUKEE AVE,DEPARTMENT STORE,020,2012,40,4,0910,07,False,False
JD149833,Brandon Wright,,2026-05-15 16:05:00,2026,BATTERY,SIMPLE ASSAULT,6100XX W CHICAGO AVE,BAR OR TAVERN,024,2411,49,1,0460,08B,False,True
JD149946,Corey Harris,,2026-06-18 00:30:00,2026,CRIMINAL DAMAGE,TO PROPERTY,6100XX W 47TH ST,BAR OR TAVERN,020,2012,40,4,1310,14,False,False
JD150059,Aaron Nguyen,,2026-03-02 22:59:00,2026,NARCOTICS,POSS: CANNABIS 30G OR LESS,7300XX N DAMEN AVE,STREET,009,0914,15,61,1811,18,True,False
JD150172,Anthony Flores,IL-8527-NZ,2026-01-10 15:05:00,2026,ROBBERY,ARMED: HANDGUN,1000XX W 47TH ST,GAS STATION / CONVENIENCE STORE,009,0914,15,61,031A,03,False,False
JD150285,Deandre King,IL-2674-CC,2026-03-22 14:23:00,2026,ROBBERY,ARMED: HANDGUN,9000XX N BROADWAY,DEPARTMENT STORE,008,0815,13,65,031A,03,False,False
JD150398,Jose Lopez,IL-3615-SI,2026-08-25 13:49:00,2026,ASSAULT,AGGRAVATED: HANDGUN,8500XX W CHICAGO AVE,BAR OR TAVERN,016,1622,45,15,051A,04A,False,False
JD150511,Trevon Thompson,,2026-01-06 14:25:00,2026,CRIMINAL DAMAGE,TO PROPERTY,6100XX S HALSTED ST,RESIDENCE,019,1923,44,6,1310,14,False,True
JD150624,Derek Lee,,2026-01-10 14:24:00,2026,MOTOR VEHICLE THEFT,AUTOMOBILE,8800XX W 47TH ST,SIDEWALK,002,0222,4,38,0910,07,False,False
JD150737,Isaiah Wilson,,2026-05-11 08:17:00,2026,BATTERY,SIMPLE ASSAULT,8400XX N BROADWAY,ALLEY,020,2012,40,4,0460,08B,False,False
JD150850,Brandon Vance,,2026-06-22 22:11:00,2026,MOTOR VEHICLE THEFT,AUTOMOBILE,0200XX N CICERO AVE,STREET,025,2515,30,19,0910,07,False,False
JD150963,Andre Jenkins,,2026-06-08 23:18:00,2026,NARCOTICS,POSS: CANNABIS 30G OR LESS,0500XX S COTTAGE GROVE AVE,COMMERCIAL BUILDING,001,0111,42,32,1811,18,True,False
JD151076,Deandre Brown,,2026-02-23 03:05:00,2026,ROBBERY,ARMED: HANDGUN,8500XX W ROOSEVELT RD,COMMERCIAL BUILDING,024,2411,49,1,031A,03,False,False
JD151189,Tyrone Rodriguez,IL-1488-CG,2026-02-21 14:59:00,2026,NARCOTICS,POSS: CANNABIS 30G OR LESS,5500XX S WABASH AVE,PARKING LOT,025,2515,30,19,1811,18,True,False
JD151302,Xavier Martinez,,2026-05-27 08:11:00,2026,CRIMINAL DAMAGE,TO PROPERTY,6300XX W BELMONT AVE,COMMERCIAL BUILDING,007,0724,16,68,1310,14,False,True
JD151415,Kevin Washington,,2026-07-07 19:41:00,2026,BATTERY,SIMPLE ASSAULT,9200XX W FULLERTON AVE,SIDEWALK,009,0914,15,61,0460,08B,True,False
JD151528,Carlos Martin,,2026-01-16 04:41:00,2026,THEFT,OVER $500,8600XX N MILWAUKEE AVE,GAS STATION / CONVENIENCE STORE,014,1422,1,24,0820,06,False,False
JD151641,Aaron Brown,,2026-08-16 13:25:00,2026,BATTERY,SIMPLE ASSAULT,2900XX N CICERO AVE,ALLEY,001,0111,42,32,0460,08B,False,False
JD151754,Isaiah Taylor,IL-7201-CH,2026-05-13 01:40:00,2026,BATTERY,SIMPLE ASSAULT,6900XX S MICHIGAN AVE,SIDEWALK,011,1124,28,26,0460,08B,False,True
JD151867,Andre Clark,,2026-05-23 12:57:00,2026,BATTERY,SIMPLE ASSAULT,8900XX N KEDZIE AVE,DEPARTMENT STORE,012,1212,25,28,0460,08B,False,True
JD151980,Kevin Martin,IL-1188-RC,2026-04-16 12:04:00,2026,NARCOTICS,POSS: CANNABIS 30G OR LESS,6900XX S WESTERN AVE,STREET,016,1622,45,15,1811,18,True,False
JD152093,Dominic Walker,IL-1235-EB,2026-08-22 17:09:00,2026,BURGLARY,FORCIBLE ENTRY,0500XX W BELMONT AVE,DEPARTMENT STORE,005,0511,9,49,0610,05,False,False
JD152206,Adrian Hill,,2026-05-27 03:29:00,2026,ROBBERY,ARMED: HANDGUN,0900XX W 79TH ST,SIDEWALK,004,0412,10,46,031A,03,False,False
JD152319,Derek Jones,IL-8527-NZ,2026-07-11 23:43:00,2026,ASSAULT,AGGRAVATED: HANDGUN,1600XX W 63RD ST,COMMERCIAL BUILDING,025,2515,30,19,051A,04A,False,False
JD152432,Cedric Scott,,2026-06-03 03:17:00,2026,ROBBERY,ARMED: HANDGUN,5400XX S WABASH AVE,BAR OR TAVERN,006,0623,6,69,031A,03,False,False
JD152545,Andre Vance,,2026-03-04 20:39:00,2026,ASSAULT,AGGRAVATED: HANDGUN,2100XX S WABASH AVE,DEPARTMENT STORE,001,0111,42,32,051A,04A,True,False
JD152658,Terrence King,,2026-05-14 22:51:00,2026,CRIMINAL DAMAGE,TO PROPERTY,1700XX W 55TH ST,APARTMENT,007,0724,16,68,1310,14,False,False
JD152771,Maurice Harris,,2026-01-20 05:45:00,2026,CRIMINAL DAMAGE,TO PROPERTY,1200XX S DR MARTIN LUTHER KING JR DR,GAS STATION / CONVENIENCE STORE,024,2411,49,1,1310,14,True,False
JD152884,Devon Thomas,IL-8772-ME,2026-02-20 11:55:00,2026,BURGLARY,FORCIBLE ENTRY,9900XX W FULLERTON AVE,,024,2411,49,1,0610,05,True,False
JD152997,Kendrick Ramirez,,2026-01-02 20:23:00,2026,NARCOTICS,POSS: CANNABIS 30G OR LESS,5600XX S COTTAGE GROVE AVE,PARKING LOT,009,0914,15,61,1811,18,True,False
JD153110,Hector Jackson,,2026-03-06 00:31:00,2026,BATTERY,SIMPLE ASSAULT,3100XX W BELMONT AVE,COMMERCIAL BUILDING,016,1622,45,15,0460,08B,False,False
JD153223,Trevon Gonzalez,IL-4541-YL,2026-04-25 03:20:00,2026,BURGLARY,FORCIBLE ENTRY,3100XX S STATE ST,RESIDENCE,015,1531,29,25,0610,05,True,False
JD153336,Corey Jones,,2026-07-12 04:29:00,2026,BURGLARY,FORCIBLE ENTRY,4600XX N KEDZIE AVE,RESIDENCE,009,0914,15,61,0610,05,True,False
JD153449,Reginald Hill,,2026-02-28 14:29:00,2026,ASSAULT,AGGRAVATED: HANDGUN,9800XX N CLARK ST,RESIDENCE,011,1124,28,26,051A,04A,True,False
JD153562,Devon Nguyen,IL-5041-GL,2026-03-19 17:54:00,2026,BURGLARY,FORCIBLE ENTRY,5300XX W BELMONT AVE,DEPARTMENT STORE,018,1831,43,7,0610,05,False,False
JD153675,Brian Ortiz,,2026-04-19 04:58:00,2026,THEFT,OVER $500,0600XX N PULASKI RD,DEPARTMENT STORE,002,0222,4,38,0820,06,False,False
JD153788,Damian Lopez,,2026-02-15 15:15:00,2026,BATTERY,SIMPLE ASSAULT,9700XX N CICERO AVE,BAR OR TAVERN,001,0111,42,32,0460,08B,True,True
JD153901,Hector Miller,IL-4030-UJ,2026-02-01 15:42:00,2026,NARCOTICS,POSS: CANNABIS 30G OR LESS,9100XX N CLARK ST,COMMERCIAL BUILDING,016,1622,45,15,1811,18,False,False
JD154014,Kevin Taylor,,2026-08-23 20:00:00,2026,BATTERY,SIMPLE ASSAULT,8900XX W ROOSEVELT RD,RESTAURANT,011,1124,28,26,0460,08B,False,True
JD154127,Cedric Jenkins,IL-8527-NZ,2026-04-26 21:05:00,2026,MOTOR VEHICLE THEFT,AUTOMOBILE,0800XX N DAMEN AVE,,018,1831,43,7,0910,07,True,False
JD154240,Malik Walker,,2026-02-18 22:49:00,2026,BURGLARY,FORCIBLE ENTRY,4300XX W MADISON ST,RESTAURANT,008,0815,13,65,0610,05,False,False
JD154353,Jalen Thomas,,2026-04-25 23:48:00,2026,BURGLARY,FORCIBLE ENTRY,4600XX W 63RD ST,RESTAURANT,009,0914,15,61,0610,05,True,False
JD154466,Brandon Hernandez,IL-5724-YC,2026-02-16 22:34:00,2026,NARCOTICS,POSS: CANNABIS 30G OR LESS,8000XX W FULLERTON AVE,,012,1212,25,28,1811,18,True,False
JD154579,Dominic Taylor,,2026-03-09 03:44:00,2026,ROBBERY,ARMED: HANDGUN,2000XX S WESTERN AVE,RESTAURANT,007,0724,16,68,031A,03,False,False
JD154692,Jerome King,,2026-08-12 13:28:00,2026,THEFT,OVER $500,2500XX S HALSTED ST,STREET,003,0313,20,42,0820,06,False,False
JD154805,Darnell Rodriguez,,2026-06-16 18:42:00,2026,CRIMINAL DAMAGE,TO PROPERTY,3900XX W FULLERTON AVE,APARTMENT,020,2012,40,4,1310,14,False,False
JD154918,Jose Wright,,2026-05-25 01:09:00,2026,MOTOR VEHICLE THEFT,AUTOMOBILE,5900XX S HALSTED ST,COMMERCIAL BUILDING,006,0623,6,69,0910,07,False,False
JD155031,Tyrone Perez,IL-1916-FA,2026-03-06 07:07:00,2026,THEFT,OVER $500,7400XX W 63RD ST,DEPARTMENT STORE,005,0511,9,49,0820,06,False,False
JD155144,Xavier Young,,2026-03-12 14:34:00,2026,ROBBERY,ARMED: HANDGUN,3900XX N CICERO AVE,STREET,004,0412,10,46,031A,03,False,False
JD155257,Reginald Torres,,2026-03-01 23:34:00,2026,MOTOR VEHICLE THEFT,AUTOMOBILE,9100XX N KEDZIE AVE,DEPARTMENT STORE,010,1013,24,29,0910,07,False,False
JD155370,Malik Moore,,2026-08-11 22:07:00,2026,CRIMINAL DAMAGE,TO PROPERTY,1800XX N MILWAUKEE AVE,RESTAURANT,025,2515,30,19,1310,14,True,False
JD155483,Jamal Miller,,2026-06-03 10:03:00,2026,BURGLARY,FORCIBLE ENTRY,6800XX W 79TH ST,GAS STATION / CONVENIENCE STORE,008,0815,13,65,0610,05,False,False
JD155596,Tyler Perez,,2026-02-17 12:12:00,2026,CRIMINAL DAMAGE,TO PROPERTY,7800XX W 63RD ST,RESTAURANT,022,2213,19,72,1310,14,False,False
JD155709,Andre Lopez,,2026-07-12 00:18:00,2026,MOTOR VEHICLE THEFT,AUTOMOBILE,4000XX S MICHIGAN AVE,RESTAURANT,016,1622,45,15,0910,07,False,False
JD155822,Justin Johnson,,2026-08-10 05:51:00,2026,ASSAULT,AGGRAVATED: HANDGUN,5400XX N DAMEN AVE,COMMERCIAL BUILDING,005,0511,9,49,051A,04A,True,False
JD155935,Terrence Harris,,2026-06-03 18:48:00,2026,ASSAULT,AGGRAVATED: HANDGUN,0100XX W BELMONT AVE,,015,1531,29,25,051A,04A,True,False
JD156048,Darnell Nguyen,,2026-03-07 05:53:00,2026,ASSAULT,AGGRAVATED: HANDGUN,7100XX S HALSTED ST,STREET,017,1732,35,21,051A,04A,False,False
JD156161,Malik Taylor,,2026-01-26 00:09:00,2026,NARCOTICS,POSS: CANNABIS 30G OR LESS,8200XX S HALSTED ST,DEPARTMENT STORE,024,2411,49,1,1811,18,True,False
JD156274,Cedric Nguyen,,2026-04-01 03:48:00,2026,NARCOTICS,POSS: CANNABIS 30G OR LESS,0900XX S WESTERN AVE,BAR OR TAVERN,022,2213,19,72,1811,18,True,False
JD156387,Carlos Jackson,,2026-08-23 03:23:00,2026,THEFT,OVER $500,2100XX N BROADWAY,STREET,020,2012,40,4,0820,06,False,False
JD156500,Brandon Allen,,2026-01-09 11:26:00,2026,MOTOR VEHICLE THEFT,AUTOMOBILE,3800XX N MILWAUKEE AVE,RESTAURANT,010,1013,24,29,0910,07,False,False
